'Atgeir' Explosive Disruptive Lance	500000000
'Augmented' Acolyte	9999999
'Augmented' Berserker	9999999
'Augmented' Hammerhead	9999999
'Augmented' Hobgoblin	9999999
'Augmented' Hornet	9999999
'Augmented' Ice Harvesting Drone	9999999
'Augmented' Infiltrator	9999999
'Augmented' Mining Drone	9999999
'Augmented' Ogre	9999999
'Augmented' Praetor	9999999
'Augmented' Warrior	9999999
'Augmented' Wasp	9999999
'Aurora Ominae' Thermal Doomsday	240950758
'Azmaru' Electromagnetic Disruptive Lance	500000000
'Basic' EM Energized Membrane	300000
'Basic' Explosive Energized Membrane	300000
'Basic' Kinetic Energized Membrane	300000
'Basic' Layered Energized Membrane	300000
'Basic' Multispectrum Energized Membrane	500000
'Basic' Thermal Energized Membrane	300000
'Cold Wind' Kinetic Reaper	300000000
'Divine Harvest' Electromagnetic Reaper	300000000
'Dunk' Salvage Drone	29986000
'Excavator' Ice Harvesting Drone	200000000
'Excavator' Mining Drone	200000000
'Geiravor' Explosive Lance	300000000
'Gjallarhorn' Explosive Doomsday	240435272
'Guillotine' Thermal Reaper	300000000
'Holy Destiny' Electromagnetic Lance	300000000
'Integrated' Acolyte	200000
'Integrated' Berserker	4000000
'Integrated' Hammerhead	1800000
'Integrated' Hobgoblin	250000
'Integrated' Hornet	300000
'Integrated' Infiltrator	1700000
'Integrated' Ogre	7000000
'Integrated' Praetor	6000000
'Integrated' Valkyrie	1500000
'Integrated' Vespa	1600000
'Integrated' Warrior	400000
'Integrated' Wasp	5000000
'Iron Pike' Kinetic Lance	300000000
'Jormungandr' Explosive Reaper	300000000
'Judgment' Electromagnetic Doomsday	240727880
'Magpie' Mobile Tractor Unit	30000000
'Oblivion' Kinetic Doomsday	240947786
'Packrat' Mobile Tractor Unit	30000000
'Phalarica' Thermal Lance	300000000
'Sarissa' Thermal Disruptive Lance	500000000
'Seneschal' Mercenary Den	50000000
'Steel Yari' Kinetic Disruptive Lance	500000000
'Subverted' JVN-UC49	5000000
'Wetu' Mobile Depot	1000000
'Yurt' Mobile Depot	1000000
10000MN Monopropellant Enduring Afterburner	32000000
10000MN Y-S8 Compact Afterburner	32000000
100mm Steel Plates II	10000000000
100MN Afterburner II	10000000000
10MN Afterburner II	10000000000
1200mm Artillery Cannon I	12000000
1200mm Artillery Cannon II	10000000000
125mm Gatling AutoCannon I	20000
125mm Gatling AutoCannon II	10000000000
125mm Railgun I	90000
125mm Railgun II	10000000000
1400mm Howitzer Artillery I	15000000
1400mm Howitzer Artillery II	10000000000
150mm Light AutoCannon II	10000000000
150mm Railgun II	10000000000
1600mm Steel Plates I	7000000
1600mm Steel Plates II	10000000000
1MN Afterburner II	10000000000
200mm AutoCannon II	10000000000
200mm Railgun II	10000000000
200mm Steel Plates I	800000
200mm Steel Plates II	10000000000
220mm Vulcan AutoCannon I	600000
220mm Vulcan AutoCannon II	10000000000
25000mm Rolled Tungsten Compact Plates	43484000
250mm Light Artillery Cannon I	120000
250mm Light Artillery Cannon II	10000000000
250mm Railgun I	1500000
250mm Railgun II	10000000000
280mm Howitzer Artillery I	150000
280mm Howitzer Artillery II	10000000000
350mm Railgun I	10000000
350mm Railgun II	10000000000
400mm Steel Plates I	1600000
400mm Steel Plates II	10000000000
425mm AutoCannon I	900000
425mm AutoCannon II	10000000000
425mm Railgun I	15000000
425mm Railgun II	10000000000
50000MN Cold-Gas Enduring Microwarpdrive	158000000
50000MN Microwarpdrive I	79000000
50000MN Microwarpdrive II	60000000
50000MN Quad LiF Restrained Microwarpdrive	158000000
50000MN Y-T8 Compact Microwarpdrive	158000000
500MN Microwarpdrive I	7909400
500MN Microwarpdrive II	10000000000
50MN Microwarpdrive I	1581880
50MN Microwarpdrive II	10000000000
5MN Microwarpdrive II	10000000000
650mm Artillery Cannon I	1200000
650mm Artillery Cannon II	10000000000
720mm Howitzer Artillery I	1500000
720mm Howitzer Artillery II	10000000000
75mm Gatling Rail I	20000
75mm Gatling Rail II	10000000000
800mm Repeating Cannon I	9000000
800mm Repeating Cannon II	10000000000
800mm Steel Plates II	10000000000
Abaddon	1800000000
Absolution	50000000000
Abyssal Asteroid Mining Crystal Type A I	7200000
Abyssal Asteroid Mining Crystal Type A II	10000000000
Abyssal Asteroid Mining Crystal Type B I	9000000
Abyssal Asteroid Mining Crystal Type B II	12500000000
Abyssal Asteroid Mining Crystal Type C I	10800000
Abyssal Asteroid Mining Crystal Type C II	15000000000
Acolyte EV-300	200000
Acolyte II	20000000000
Acolyte TD-300	200000
Active Shielding Charge	10000000
Advanced Large Ship Assembly Array	250000000
Advanced Logistics Network	1150000000
Advanced Medium Ship Assembly Array	150000000
Advanced Small Ship Assembly Array	75000000
Affirmative. Modified Entosis Link	200000000
Afocal Precise Dual Giga Beam Laser	96800000
Afocal Precise Dual Giga Pulse Laser	86000000
Afocal Precise Quad Mega Pulse Laser	90000000
Algos	8242751
Alligator	580000000
Amarr Phenomena Generator	300000000
Amarr Shuttle	50000
Ametat I	300000000
Ametat II	300000000
Ammunition Assembly Array	50000000
Ample Gallium Quad 800mm Repeating Cannon	68000000
Anathema	50000000000
Anode Scoped Dual Giga Beam Laser	96800000
Anode Scoped Dual Giga Pulse Laser	86000000
Anode Scoped Ion Siege Blaster	72280000
Anode Scoped Quad Mega Pulse Laser	90000000
Anode Scoped Triple Neutron Blaster Cannon	76800000
Anshar	1950000000
Antaeus I	300000000
Antaeus II	300000000
Antimatter Charge L	1000000
Antimatter Charge M	400000
Antimatter Charge XL	10000000
Apocalypse	1265000000
Apostle	1000000000
Apotheosis	50000
Aralez	1600000
Arazu	50000000000
Arbalest Compact Rapid Torpedo Launcher	9740000
Arbalest Compact XL Cruise Missile Launcher	108700000
Arbalest Compact XL Torpedo Launcher	108740000
Arbitrator	81750000
Archon	1100000000
Ares	50000000000
Ark	1900000000
Armageddon	1565000000
Armageddon Navy Issue	662500000
Armor Command Burst I	2000000
Armor Command Burst II	2000000
Armor EM Resistance Script	5000000
Armor Energizing Charge	10000000
Armor Explosive Resistance Script	5000000
Armor Kinetic Resistance Script	5000000
Armor Reinforcement Charge	10000000
Armor Thermal Resistance Script	5000000
Assault Damage Control I	250000
Assault Damage Control II	9999999
Astarte	50000000000
Atron	2125000
Augoror	80750000
Aurora L	10000000000
Aurora M	10000000000
Aurora S	10000000000
Aurora XL	30000000
Auto Targeting System I	29440
Auto Targeting System II	9999999
Avalanche	2000000000
Avatar	75000000000
Axosomatic Neurolink Enhancer	10000000
Ballistic Control System II	10000000000
Ballistic Deflection Array	50000000
Barrage L	10000000000
Barrage M	10000000000
Barrage S	10000000000
Barrage XL	3000000
Baryon Exotic Plasma L	175000
Baryon Exotic Plasma M	175000
Baryon Exotic Plasma S	50000
Baryon Exotic Plasma XL	30000000
Basilisk	50000000000
Bastion Module I	50000000
Bellicose	81000000
Berserker II	20000000000
Berserker SW-900	4000000
Berserker TP-900	4000000
Bestower	4977500
Bifrost	4000000
Biochemical Reactor Array	50000000
Biochemical Silo	50000000
BlastShot Condenser Pack L	40000
BlastShot Condenser Pack M	40000
BlastShot Condenser Pack S	40000
Bomb Launcher I	19000000
Bomb Launcher II	19000000
Boobook	50000
Bosonic Field Generator	500000000
Bouncer I	14000000
Bouncer II	14000000
Bowhead	1550000000
Brutix	570000000
Brutix Navy Issue	570000000
Burst	2500000
Burst Jammer I	416640
Burst Jammer II	10000000000
Bustard	50000000000
Buzzard	50000000000
C3-FTM Acid	15000000
Caedes	1500000
Caesarium Cadmide	10000000
Caldari Navy Dragonfly	200473400
Caldari Navy Heavy Assault Missile Launcher	300000
Caldari Navy Locust	200473400
Caldari Navy Scarab	200473400
Caldari Phenomena Generator	300000000
Cambion	2850000
Cap Booster 100	1000000
Cap Booster 150	1750000
Cap Booster 200	2500000
Cap Booster 25	100000
Cap Booster 3200	20000000
Cap Booster 400	3750000
Cap Booster 50	250000
Cap Booster 75	500000
Cap Booster 800	5000000
Cap Recharger I	237500
Cap Recharger II	10000000000
Capacitor Flux Coil I	41600
Capacitor Flux Coil II	9999999
Capacitor Power Relay I	97440
Capacitor Power Relay II	9999999
Capital ACM Compact Armor Repairer	94000000
Capital Algid Energy Administrations Unit I	50000000
Capital Algid Energy Administrations Unit II	50000000
Capital Algid Hybrid Administrations Unit I	50000000
Capital Algid Hybrid Administrations Unit II	50000000
Capital Ancillary Armor Repairer	15000000
Capital Ancillary Current Router I	50000000
Capital Ancillary Current Router II	50000000
Capital Ancillary Remote Armor Repairer	36800000
Capital Ancillary Remote Shield Booster	36000000
Capital Ancillary Shield Booster	97000000
Capital Armor Repairer I	47022756
Capital Asymmetric Enduring Remote Shield Booster	49000000
Capital Auxiliary Nano Pump I	50000000
Capital Auxiliary Nano Pump II	50000000
Capital Auxiliary Thrusters I	50000000
Capital Auxiliary Thrusters II	50000000
Capital Azeotropic Restrained Shield Extender	18400000
Capital Bay Loading Accelerator I	50000000
Capital Bay Loading Accelerator II	50000000
Capital C-5L Compact Shield Booster	102000000
Capital Cap Battery I	24000000
Capital Capacitor Booster I	12000000
Capital Capacitor Control Circuit I	50000000
Capital Capacitor Control Circuit II	50000000
Capital Cargohold Optimization I	50000000
Capital Cargohold Optimization II	50000000
Capital Clarity Ward Enduring Shield Booster	102000000
Capital Coaxial Compact Remote Armor Repairer	49000000
Capital Command Processor I	50000000
Capital Compact Pb-Acid Cap Battery	48000000
Capital Core Defense Capacitor Safeguard I	50000000
Capital Core Defense Capacitor Safeguard II	50000000
Capital Core Defense Charge Economizer I	50000000
Capital Core Defense Charge Economizer II	50000000
Capital Core Defense Field Extender I	50000000
Capital Core Defense Field Extender II	50000000
Capital Core Defense Field Purger I	50000000
Capital Core Defense Field Purger II	50000000
Capital Core Defense Operational Solidifier I	50000000
Capital Core Defense Operational Solidifier II	50000000
Capital Drone Control Range Augmentor I	50000000
Capital Drone Control Range Augmentor II	50000000
Capital Drone Durability Enhancer I	50000000
Capital Drone Durability Enhancer II	50000000
Capital Drone Mining Augmentor I	50000000
Capital Drone Mining Augmentor II	50000000
Capital Drone Repair Augmentor I	50000000
Capital Drone Repair Augmentor II	50000000
Capital Drone Scope Chip I	50000000
Capital Drone Scope Chip II	50000000
Capital Drone Speed Augmentor I	50000000
Capital Drone Speed Augmentor II	50000000
Capital Dynamic Fuel Valve I	50000000
Capital Dynamic Fuel Valve II	50000000
Capital Egress Port Maximizer I	50000000
Capital Egress Port Maximizer II	50000000
Capital EM Armor Reinforcer I	50000000
Capital EM Armor Reinforcer II	50000000
Capital EM Shield Reinforcer I	50000000
Capital EM Shield Reinforcer II	50000000
Capital Emergency Hull Energizer I	36000000
Capital Emergency Hull Energizer II	50000
Capital Emission Scope Sharpener I	50000000
Capital Emission Scope Sharpener II	50000000
Capital Energy Ambit Extension I	50000000
Capital Energy Ambit Extension II	50000000
Capital Energy Burst Aerator I	50000000
Capital Energy Burst Aerator II	50000000
Capital Energy Collision Accelerator I	50000000
Capital Energy Collision Accelerator II	50000000
Capital Energy Discharge Elutriation I	50000000
Capital Energy Discharge Elutriation II	50000000
Capital Energy Locus Coordinator I	50000000
Capital Energy Locus Coordinator II	50000000
Capital Energy Metastasis Adjuster I	50000000
Capital Energy Metastasis Adjuster II	50000000
Capital Energy Neutralizer I	18000000
Capital Energy Neutralizer II	40000000
Capital Energy Nosferatu I	29000000
Capital Energy Nosferatu II	40000000
Capital Engine Thermal Shielding I	50000000
Capital Engine Thermal Shielding II	50000000
Capital Explosive Armor Reinforcer I	50000000
Capital Explosive Armor Reinforcer II	50000000
Capital Explosive Shield Reinforcer I	50000000
Capital Explosive Shield Reinforcer II	50000000
Capital F-RX Compact Capacitor Booster	24000000
Capital F-S9 Regolith Compact Shield Extender	18400000
Capital Flex Armor Hardener I	35000000
Capital Flex Shield Hardener I	35000000
Capital Ghoul Compact Energy Nosferatu	58000000
Capital Gravity Capacitor Upgrade I	50000000
Capital Gravity Capacitor Upgrade II	50000000
Capital Gremlin Compact Energy Neutralizer	36000000
Capital Higgs Anchor I	50000000
Capital Hull Repairer I	9250000
Capital Hybrid Ambit Extension I	50000000
Capital Hybrid Ambit Extension II	50000000
Capital Hybrid Burst Aerator I	50000000
Capital Hybrid Burst Aerator II	50000000
Capital Hybrid Collision Accelerator I	50000000
Capital Hybrid Collision Accelerator II	50000000
Capital Hybrid Discharge Elutriation I	50000000
Capital Hybrid Discharge Elutriation II	50000000
Capital Hybrid Locus Coordinator I	50000000
Capital Hybrid Locus Coordinator II	50000000
Capital Hybrid Metastasis Adjuster I	50000000
Capital Hybrid Metastasis Adjuster II	50000000
Capital Hydraulic Bay Thrusters I	50000000
Capital Hydraulic Bay Thrusters II	50000000
Capital Hyperspatial Velocity Optimizer I	50000000
Capital Hyperspatial Velocity Optimizer II	50000000
Capital I-a Enduring Armor Repairer	94000000
Capital I-ax Enduring Remote Armor Repairer	49000000
Capital I-b Enduring Hull Repairer	18500000
Capital IEF Compact Hull Repairer	18500000
Capital Implacable Compact Emergency Hull Energizer	72000000
Capital Indefatigable Enduring Emergency Hull Energizer	72000000
Capital Inductive Compact Remote Capacitor Transmitter	52700000
Capital Industrial Core I	400000000
Capital Industrial Core II	1040000000
Capital Infectious Scoped Energy Neutralizer	36000000
Capital Inverted Signal Field Projector I	50000000
Capital Inverted Signal Field Projector II	50000000
Capital Ionic Field Projector I	50000000
Capital Ionic Field Projector II	50000000
Capital Kinetic Armor Reinforcer I	50000000
Capital Kinetic Armor Reinforcer II	50000000
Capital Kinetic Shield Reinforcer I	50000000
Capital Kinetic Shield Reinforcer II	50000000
Capital Knave Scoped Energy Nosferatu	58000000
Capital Liquid Cooled Electronics I	50000000
Capital Liquid Cooled Electronics II	50000000
Capital Low Friction Nozzle Joints I	50000000
Capital Low Friction Nozzle Joints II	50000000
Capital Memetic Algorithm Bank I	50000000
Capital Memetic Algorithm Bank II	50000000
Capital Murky Compact Remote Shield Booster	49000000
Capital Nanobot Accelerator I	50000000
Capital Nanobot Accelerator II	50000000
Capital Particle Dispersion Augmentor I	50000000
Capital Particle Dispersion Augmentor II	50000000
Capital Particle Dispersion Projector I	50000000
Capital Particle Dispersion Projector II	50000000
Capital Polycarbon Engine Housing I	50000000
Capital Polycarbon Engine Housing II	50000000
Capital Powergrid Subroutine Maximizer I	50000000
Capital Powergrid Subroutine Maximizer II	50000000
Capital Processor Overclocking Unit I	50000000
Capital Processor Overclocking Unit II	50000000
Capital Projectile Ambit Extension I	50000000
Capital Projectile Ambit Extension II	50000000
Capital Projectile Burst Aerator I	50000000
Capital Projectile Burst Aerator II	50000000
Capital Projectile Collision Accelerator I	50000000
Capital Projectile Collision Accelerator II	50000000
Capital Projectile Locus Coordinator I	50000000
Capital Projectile Locus Coordinator II	50000000
Capital Projectile Metastasis Adjuster I	50000000
Capital Projectile Metastasis Adjuster II	50000000
Capital Radiative Scoped Remote Capacitor Transmitter	52700000
Capital Remote Armor Repairer I	24200788
Capital Remote Capacitor Transmitter I	26773840
Capital Remote Hull Repairer I	25000000
Capital Remote Repair Augmentor I	50000000
Capital Remote Repair Augmentor II	50000000
Capital Remote Shield Booster I	24659510
Capital Remote Shield Booster II	9999999
Capital Rocket Fuel Cache Partition I	50000000
Capital Rocket Fuel Cache Partition II	50000000
Capital S95a Scoped Remote Shield Booster	49000000
Capital Salvage Tackle I	50000000
Capital Salvage Tackle II	50000000
Capital Semiconductor Memory Cell I	50000000
Capital Semiconductor Memory Cell II	50000000
Capital Sentry Damage Augmentor I	50000000
Capital Sentry Damage Augmentor II	50000000
Capital Shield Booster I	51002322
Capital Shield Extender I	9200000
Capital Ship Assembly Array	300000000
Capital Signal Disruption Amplifier I	50000000
Capital Signal Disruption Amplifier II	50000000
Capital Signal Focusing Kit I	50000000
Capital Signal Focusing Kit II	50000000
Capital Solace Scoped Remote Armor Repairer	49000000
Capital Stasis Drone Augmentor I	50000000
Capital Stasis Drone Augmentor II	50000000
Capital Targeting System Subcontroller I	50000000
Capital Targeting System Subcontroller II	50000000
Capital Targeting Systems Stabilizer I	50000000
Capital Targeting Systems Stabilizer II	50000000
Capital Thermal Armor Reinforcer I	50000000
Capital Thermal Armor Reinforcer II	50000000
Capital Thermal Shield Reinforcer I	50000000
Capital Thermal Shield Reinforcer II	50000000
Capital Tracking Diagnostic Subroutines I	50000000
Capital Tracking Diagnostic Subroutines II	50000000
Capital Tractor Beam I	400000000
Capital Tractor Beam II	400000000
Capital Transverse Bulkhead I	50000000
Capital Transverse Bulkhead II	125000
Capital Trimark Armor Pump I	50000000
Capital Trimark Armor Pump II	50000000
Capital Warhead Calefaction Catalyst I	50000000
Capital Warhead Calefaction Catalyst II	50000000
Capital Warhead Flare Catalyst I	50000000
Capital Warhead Flare Catalyst II	50000000
Capital Warhead Rigor Catalyst I	50000000
Capital Warhead Rigor Catalyst II	50000000
Capital Warp Core Optimizer I	50000000
Capital Warp Core Optimizer II	50000000
Carbide Compact Dual 1000mm Railgun	92050000
Carbide Compact Quad 3500mm Siege Artillery	74400000
Carbine Compact Hexa 2500mm Repeating Cannon	65300000
Carbon Polymers	10000000
Carbon-86 Epoxy Resin	15000000
Carbonized Lead L	200000
Carbonized Lead M	80000
Carbonized Lead XL	2000000
Cargo Scanner I	15000
Cargo Scanner II	9999999
Catalyst Silo	50000000
Celestis	81250000
Cenobite I	300000000
Cenobite II	300000000
Ceramic Powder	10000000
Cerberus	50000000000
Charon	2000000000
Cheetah	50000000000
Chimera	1050000000
Civilian Damage Control	50000
Civilian Data Analyzer	20000
Civilian EM Shield Hardener	750000
Civilian Explosive Shield Hardener	750000
Civilian Kinetic Shield Hardener	750000
Civilian Mining Drone	1498600
Civilian Shield Booster	3360
Civilian Stasis Webifier	224880
Civilian Thermal Shield Hardener	750000
Claw	50000000000
Claymore	50000000000
Clone Vat Bay I	598328800
Co-Processor I	149960
Co-Processor II	10000000000
Coalesced Element	200000000
Coercer	8635240
Cogni-Emotive Neurolink Enhancer	10000000
Coherent Asteroid Mining Crystal Type A I	3600000
Coherent Asteroid Mining Crystal Type A II	10000000000
Coherent Asteroid Mining Crystal Type B II	12500000000
Coherent Asteroid Mining Crystal Type C II	15000000000
Combat Scanner Probe I	5000000
Common Moon Mining Crystal Type A I	6811200
Common Moon Mining Crystal Type A II	10000000000
Common Moon Mining Crystal Type B I	8514000
Common Moon Mining Crystal Type B II	12500000000
Common Moon Mining Crystal Type C I	10216800
Common Moon Mining Crystal Type C II	15000000000
Compact Carbine Quad 800mm Repeating Cannon	68000000
Compact Interdiction Nullifier	400940
Complex Asteroid Mining Crystal Type A I	7200000
Complex Asteroid Mining Crystal Type A II	10000000000
Complex Asteroid Mining Crystal Type B I	9000000
Complex Asteroid Mining Crystal Type B II	12500000000
Complex Asteroid Mining Crystal Type C II	15000000000
Complex Reactor Array	50000000
Component Assembly Array	50000000
Compressed Enduring Dual 1000mm Railgun	92050000
Compression Array	50000000
CONCORD Capital Armor Repairer	47022756
CONCORD Capital Remote Armor Repairer	24200788
CONCORD Capital Remote Capacitor Transmitter	26773840
CONCORD Capital Remote Shield Booster	24659510
CONCORD Capital Shield Booster	51002322
CONCORD Dual 1000mm Railgun	46052412
CONCORD Dual Giga Beam Laser	43006260
CONCORD Dual Giga Pulse Laser	48404274
CONCORD Hexa 2500mm Repeating Cannon	32694870
CONCORD Ion Siege Blaster	36286548
CONCORD Quad 3500mm Siege Artillery	37692954
CONCORD Rogue Analysis Beacon	140000000
CONCORD XL Cruise Missile Launcher	54371388
CONCORD XL Torpedo Launcher	54371388
Concussion Bomb	200000000
Confessor	40000000
Conflagration L	10000000000
Conflagration M	10000000000
Conflagration S	10000000000
Conflagration XL	25000000
Consortium Capital Tractor Beam	400000000
Consortium Mobile Tractor Unit	30000000
Consortium Small Tractor Beam	90000
Core Probe Launcher I	60000
Core Probe Launcher II	60000
Core Scanner Probe I	5000000
Corporate Hangar Array	100000000
Council Diplomatic Shuttle	50000
Coupling Array	50000000
Covert Cynosural Field Generator I	31372640
Covert Jump Portal Generator I	481455760
Covert Mobile Cynosural Beacon	100000000
Covert Ops Cloaking Device II	10000000000
Covetor	2000000000
Crane	50000000000
Crow	50000000000
Crucifier	2375000
Cruise Missile Launcher I	749970
Cruise Missile Launcher II	10000000000
Crusader	50000000000
Crystalline Carbonide	20000000
Crystallite Alloy	10000000
Curator I	14000000
Curator II	14000000
Curse	50000000000
Customs Office Gantry	25000001
Cyclone	525000000
Cyclops I	300000000
Cyclops II	300000000
Cynosural Field Generator I	31372640
Cynosural Generator Array	250000000
Cynosural Navigation	575000000
Cynosural Suppression	1150000000
Cynosural System Jammer	250000000
Damage Control II	10000000000
Damnation	50000000000
Dark Blood Capital Energy Neutralizer	80000000
Dark Blood Capital Energy Nosferatu	80000000
Dark Blood Dual Giga Beam Laser	48404274
Dark Blood Dual Giga Pulse Laser	43006260
Dark Blood Quad Mega Pulse Laser	43006260
Data Analyzer II	332640
Deathless Circle Relic Analyzer	332640
Deep Core Mining Laser I	3500000
Defender Launcher I	5000000
Defender Missile I	120000
Deimos	50000000000
Deluge	50000000000
Depleted Uranium L	500000
Depleted Uranium M	205000
Depleted Uranium XL	5000000
Domination 10000MN Afterburner	50000000
Domination 50000MN Microwarpdrive	60000000
Domination Heavy Warp Disruptor	394240
Domination Heavy Warp Scrambler	394240
Domination Hexa 2500mm Repeating Cannon	32694870
Domination Quad 3500mm Siege Artillery	37692954
Domination Quad 800mm Repeating Cannon	32694870
Domination Signature Radius Suppressor	296960
Dominix	1660000000
Dominix Navy Issue	625000000
Dragonfly I	203363320
Dragonfly II	203363320
Drake	580000000
Drake Navy Issue	580000000
Draugur	50000000000
Dread Guristas Rapid Torpedo Launcher	54371388
Dread Guristas Signature Radius Suppressor	296960
Dread Guristas XL Cruise Missile Launcher	54371388
Dread Guristas XL Torpedo Launcher	54371388
Dromi I	300000000
Dromi II	300000000
Drone Assembly Array	50000000
Drone Link Augmentor I	2130000
Drone Navigation Computer I	1400000
Dual 1000mm Railgun I	46052412
Dual 1000mm Railgun II	46052412
Dual 150mm Railgun II	10000000000
Dual 180mm AutoCannon II	10000000000
Dual 250mm Railgun I	2000000
Dual 250mm Railgun II	10000000000
Dual 425mm AutoCannon I	2000000
Dual 425mm AutoCannon II	10000000000
Dual 650mm Repeating Cannon I	6000000
Dual 650mm Repeating Cannon II	10000000000
Dual Giga Beam Laser I	48404274
Dual Giga Beam Laser II	48404274
Dual Giga Pulse Laser I	43006260
Dual Giga Pulse Laser II	43006260
Dual Heavy Beam Laser I	6000000
Dual Heavy Beam Laser II	10000000000
Dual Heavy Pulse Laser I	2000000
Dual Heavy Pulse Laser II	10000000000
Dual Light Beam Laser I	90000
Dual Light Beam Laser II	10000000000
Dual Light Pulse Laser I	60000
Dual Light Pulse Laser II	10000000000
Dysporite	10000000
Eagle	50000000000
ECCM Script	1500000
ECM Jammer Burst Projector	51000000
Einherji I	200013400
Einherji II	200013400
Electric Stability Generator	750000000
Electron Blaster Cannon I	6000000
Electron Blaster Cannon II	10000000000
Electron Bomb	200000000
Electronic Hardening Charge	10000000
Electronic Superiority Charge	10000000
ElectroPunch Ultra L	10000000000
ElectroPunch Ultra M	10000000000
ElectroPunch Ultra S	10000000000
EM Armor Hardener I	2000000
EM Armor Hardener II	10000000000
EM Coating I	49740
EM Coating II	10000000000
EM Energized Membrane I	750000
EM Energized Membrane II	10000000000
EM Shield Amplifier I	187420
EM Shield Amplifier II	10000000000
EM Shield Hardener I	750000
EM Shield Hardener II	10000000000
EMP L	1000000
EMP M	400000
EMP XL	10000000
Endurance	2825000
Enduring Interdiction Nullifier	400940
Energy Neutralization Burst Projector	51000000
Enforcer	82000000
Entosis Link I	200000000
Entosis Link II	9999999
Entropic Radiation Sink I	249600
Entropic Radiation Sink II	10000000000
Enyo	50000000000
Eos	50000000000
Epithal	6000000
Equipment Assembly Array	50000000
Equite I	200473400
Equite II	200473400
Erebus	72500000000
Eris	50000000000
Evasive Maneuvers Charge	10000000
Exceptional Moon Mining Crystal Type A I	8020800
Exceptional Moon Mining Crystal Type A II	10000000000
Exceptional Moon Mining Crystal Type B I	10026000
Exceptional Moon Mining Crystal Type B II	12500000000
Exceptional Moon Mining Crystal Type C I	12031200
Exceptional Moon Mining Crystal Type C II	15000000000
Executioner	2175000
Exequror	80250000
Exequror Navy Issue	74000000
Exotic Stability Generator	750000000
Expanded Cargohold II	10000000000
Expanded Probe Launcher I	60000
Expanded Probe Launcher II	60000
Experimental Hyperspatial Accelerator	249980
Experimental Jump Drive Economizer	249980
Exploration Detector 1	600000000
Exploration Detector 2	1000000000
Exploration Detector 3	2000000000
Explosion Dampening Array	50000000
Explosive Armor Hardener I	3500000
Explosive Armor Hardener II	10000000000
Explosive Coating II	10000000000
Explosive Energized Membrane I	750000
Explosive Energized Membrane II	10000000000
Explosive Shield Amplifier I	187420
Explosive Shield Amplifier II	10000000000
Explosive Shield Hardener I	750000
Explosive Shield Hardener II	10000000000
Falcon	50000000000
Federation Navy Firbolg	200473400
Federation Navy Satyr	200473400
Federation Navy Siren	200473400
Fenrir	1850000000
Fermionic Condensates	20000000
Fernite Alloy	10000000
Fernite Carbide	20000000
Ferrofluid	10000000
Ferrogel	20000000
Fighter Support Unit I	55000000
Firbolg I	213949920
Firbolg II	213949920
Fluxed Condensates	10000000
Flycatcher	50000000000
Focused Medium Beam Laser I	900000
Focused Medium Beam Laser II	10000000000
Focused Medium Pulse Laser I	600000
Focused Medium Pulse Laser II	10000000000
Focused Warp Disruption Script	50000000
Focused Warp Scrambling Script	50000000
Frostline 'Omnivore' Harvester Upgrade	250000
Fullerene Intercalated Graphite	15000000
Fulleride	20000000
Fulleroferrocene	15000000
Fusion L	700000
Fusion M	275000
Fusion XL	7000000
Gallente Phenomena Generator	300000000
Gallente Shuttle	50000
Gallium Ample Hexa 2500mm Repeating Cannon	65300000
Gallium Ample Quad 3500mm Siege Artillery	74400000
GalvaSurge Condenser Pack L	40000
GalvaSurge Condenser Pack M	40000
GalvaSurge Condenser Pack S	40000
Gamma L	3500000
Gamma M	350000
Gamma S	35000
Gamma Stability Generator	750000000
Gamma XL	35000000
Garde I	14000000
Garde II	14000000
Gas Cloud Harvester I	30000000
Gas Cloud Harvester II	10000000000
Gas Cloud Scoop I	16500000
Gas Cloud Scoop II	92720
Gatling Pulse Laser I	20000
Gatling Pulse Laser II	10000000000
Gecko	5000000
General Storage	50000000
Gleam L	10000000000
Gleam M	10000000000
Gleam S	10000000000
Gleam XL	40000000
Goal-Orienting Neurolink Stabilizer	10000000
Golem	1650000000
Gram I	200013400
Gram II	200013400
Graphene Nanoribbons	15000000
Gravimetric ECM I	200000
Gravimetric ECM II	10000000000
Gravitational Transportation Field Oscillator	500000000
Guardian	50000000000
Guardian-Vexor	43775000
Guidance Disruptor I	298240
Gungnir I	300000000
Gungnir II	300000000
Gyrostabilizer I	243200
Gyrostabilizer II	10000000000
Hail L	10000000000
Hail M	10000000000
Hail S	10000000000
Hail XL	5000000
Hakuzosu's Modified Signature Radius Suppressor	296960
Hammerhead II	20000000000
Hammerhead SD-600	1800000
Harbinger	585000000
Harbinger Navy Issue	585000000
Harpy	50000000000
Harvester Mining Drone	200000000
Hawk	50000000000
Hazardous Chemical Silo	50000000
Heat Dissipation Array	50000000
Heat Sink I	249600
Heat Sink II	10000000000
Heavy Armor Maintenance Bot I	10000000
Heavy Armor Maintenance Bot II	20000000000
Heavy Assault Missile Launcher I	300000
Heavy Assault Missile Launcher II	10000000000
Heavy Beam Laser I	1500000
Heavy Beam Laser II	10000000000
Heavy Capacitor Booster I	702580
Heavy Capacitor Booster II	10000000000
Heavy Compact Entropic Disintegrator	1200000
Heavy Electron Blaster I	600000
Heavy Electron Blaster II	10000000000
Heavy Energy Neutralizer I	4996740
Heavy Energy Neutralizer II	10000000000
Heavy Energy Nosferatu I	9876000
Heavy Energy Nosferatu II	9999999
Heavy Entropic Disintegrator I	1200000
Heavy Entropic Disintegrator II	10000000000
Heavy Faint Epsilon Scoped Warp Scrambler	2400000
Heavy Faint Scoped Warp Disruptor	2400000
Heavy Fleeting Compact Warp Disruptor	2400000
Heavy Hull Maintenance Bot I	10000000
Heavy Hull Maintenance Bot II	10000000
Heavy Ion Blaster I	900000
Heavy Ion Blaster II	10000000000
Heavy J5 Enduring Warp Disruptor	2400000
Heavy J5b Enduring Warp Scrambler	2400000
Heavy Missile Launcher II	10000000000
Heavy Mutadaptive Compact Remote Armor Repairer	124700
Heavy Mutadaptive Remote Armor Repairer I	124700
Heavy Mutadaptive Scoped Remote Armor Repairer	124700
Heavy Neutron Blaster I	1200000
Heavy Neutron Blaster II	10000000000
Heavy Pulse Laser I	1200000
Heavy Pulse Laser II	10000000000
Heavy Scoped Entropic Disintegrator	1200000
Heavy Shield Maintenance Bot I	10000000
Heavy Shield Maintenance Bot II	10000000
Heavy Stasis Grappler I	15000000
Heavy Stasis Grappler II	224880
Heavy Warp Disruptor I	1200000
Heavy Warp Disruptor II	394240
Heavy Warp Scrambler I	1200000
Heavy Warp Scrambler II	394240
Hecate	40000000
Helios	50000000000
Heretic	50000000000
Hermes Compact Fighter Support Unit	55000000
Hexa 2500mm Repeating Cannon I	32694870
Hexa 2500mm Repeating Cannon II	32694870
Hexite	10000000
Hoarder	4525000
Hobgoblin II	20000000000
Hobgoblin SD-300	250000
Hornet EC-300	300000
Hornet II	20000000000
Hound	50000000000
Huginn	50000000000
Hulk	50000000000
Hurricane	565000000
Hurricane Fleet Issue	565000000
Hybrid Polymer Silo	50000000
Hyena	1500000
Hyperflurite	10000000
Hyperion	1760000000
Hypersynaptic Fibers	20000000
Hypnagogic Neurolink Enhancer	10000000
Ice Harvester I	15003680
Ice Harvester II	10000000000
Ice Harvester Upgrade I	250000
Ice Harvester Upgrade II	250000
Ice Harvesting Drone I	30000000
Ice Harvesting Drone II	30000000
Ice Mining Laser I	3500000
Ice Mining Laser II	92720
Ikitursa	50000000000
Imicus	2725000
Impel	50000000000
Imperial Navy Cenobite	200473400
Imperial Navy Equite	200473400
Imperial Navy Templar	200473400
Improved Blue Pill Booster	10000000
Improved Cloaking Device II	10000000000
Improved Crash Booster	10000000
Improved Drop Booster	10000000
Improved Exile Booster	10000000
Improved Frentix Booster	10000000
Improved Mindflood Booster	10000000
Improved Sooth Sayer Booster	10000000
Improved X-Instinct Booster	10000000
Incursus	2825000
Industrial Cynosural Field Generator	31372640
Industrial Jump Portal Generator I	500000000
Inertial Stabilizers I	54380
Inertial Stabilizers II	9999999
Inferno Auto-Targeting Cruise Missile I	4000000
Inferno Auto-Targeting Heavy Missile I	800000
Inferno Auto-Targeting Light Missile I	160000
Inferno Fury Cruise Missile	10000000000
Inferno Fury Heavy Missile	10000000000
Inferno Fury Light Missile	10000000000
Inferno Fury XL Cruise Missile	90000000
Inferno Heavy Assault Missile	600000
Inferno Heavy Missile	800000
Inferno Javelin Heavy Assault Missile	10000000000
Inferno Javelin Rocket	10000000000
Inferno Javelin Torpedo	10000000000
Inferno Javelin XL Torpedo	90000000
Inferno Precision Cruise Missile	10000000000
Inferno Precision Heavy Missile	10000000000
Inferno Precision Light Missile	10000000000
Inferno Precision XL Cruise Missile	90000000
Inferno Rage Heavy Assault Missile	10000000000
Inferno Rage Rocket	10000000000
Inferno Rage Torpedo	10000000000
Inferno Rage XL Torpedo	90000000
Inferno Torpedo	8000000
Inferno XL Cruise Missile	90000000
Inferno XL Torpedo	90000000
Infiltrator EV-600	1700000
Infiltrator II	20000000000
Infiltrator TD-600	1700000
Information Command Burst I	2000000
Information Command Burst II	2000000
Infrared L	1000000
Infrared M	100000
Infrared S	10000
Infrared XL	10000000
Inquisitor	2575000
Intensive Reprocessing Array	50000000
InterBus Shuttle	50000
Interdiction Maneuvers Charge	10000000
Interdiction Nullifier I	400940
Interdiction Nullifier II	400940
Interdiction Sphere Launcher I	17328680
Ion Blaster Cannon I	9000000
Ion Blaster Cannon II	10000000000
Ion Siege Blaster I	36286548
Ion Siege Blaster II	36286548
Iridium Charge L	400000
Iridium Charge M	150000
Iridium Charge S	40000
Iridium Charge XL	4000000
Iron Charge L	200000
Iron Charge M	80000
Iron Charge S	20000
Iron Charge XL	2000000
Ishkur	50000000000
Ishtar	50000000000
Isogen Prospecting Array 1	350000000
Isogen Prospecting Array 2	575000000
Isogen Prospecting Array 3	1000000000
Isotropic Neofullerene Alpha-3	10000000
Isotropic Neofullerene Beta-6	10000000
Isotropic Neofullerene Gamma-9	10000000
Iteron Mark V	11250000
Jackdaw	40000000
Jaguar	50000000000
Javelin L	10000000000
Javelin M	10000000000
Javelin S	10000000000
Javelin XL	4000000
Jump Bridge	250000000
Jump Portal Generator I	481455760
Kaatara's Custom Magnetic Field Stabilizer	249940
Keres	1800000
Khanid Navy Heavy Assault Missile Launcher	300000
Khizriel	565000000
Kinetic Armor Hardener I	3000000
Kinetic Armor Hardener II	10000000000
Kinetic Coating I	49740
Kinetic Coating II	10000000000
Kinetic Energized Membrane I	750000
Kinetic Energized Membrane II	10000000000
Kinetic Shield Amplifier I	187420
Kinetic Shield Amplifier II	10000000000
Kinetic Shield Hardener I	750000
Kinetic Shield Hardener II	10000000000
Kitsune	1600000
Kronos	1760000000
Kryos	3425000
Lachesis	50000000000
Ladar ECM I	200000
Ladar ECM II	10000000000
Lanthanum Metallofullerene	15000000
Large Algid Energy Administrations Unit I	1250000
Large Algid Energy Administrations Unit II	1250000
Large Algid Hybrid Administrations Unit I	1250000
Large Algid Hybrid Administrations Unit II	1250000
Large Ancillary Armor Repairer	200000
Large Ancillary Current Router I	1250000
Large Ancillary Current Router II	1250000
Large Ancillary Remote Armor Repairer	800000
Large Ancillary Remote Shield Booster	490000
Large Ancillary Shield Booster	1458560
Large Armor Repairer I	800000
Large Armor Repairer II	10000000000
Large Auxiliary Nano Pump I	1250000
Large Auxiliary Nano Pump II	1250000
Large Auxiliary Thrusters I	1250000
Large Auxiliary Thrusters II	1250000
Large Bay Loading Accelerator I	1250000
Large Bay Loading Accelerator II	1250000
Large Cap Battery I	624500
Large Cap Battery II	10000000000
Large Capacitor Control Circuit I	1250000
Large Capacitor Control Circuit II	1250000
Large Cargohold Optimization I	1250000
Large Cargohold Optimization II	1250000
Large Command Processor I	1250000
Large Compact Vorton Projector	120000
Large Consortium Vorton Projector	120000
Large Core Defense Capacitor Safeguard I	1250000
Large Core Defense Capacitor Safeguard II	1250000
Large Core Defense Charge Economizer I	1250000
Large Core Defense Charge Economizer II	1250000
Large Core Defense Field Extender I	1250000
Large Core Defense Field Extender II	1250000
Large Core Defense Field Purger I	1250000
Large Core Defense Field Purger II	1250000
Large Core Defense Operational Solidifier I	1250000
Large Core Defense Operational Solidifier II	1250000
Large Drone Control Range Augmentor I	1250000
Large Drone Control Range Augmentor II	1250000
Large Drone Durability Enhancer I	1250000
Large Drone Durability Enhancer II	1250000
Large Drone Mining Augmentor I	1250000
Large Drone Mining Augmentor II	1250000
Large Drone Repair Augmentor I	1250000
Large Drone Repair Augmentor II	1250000
Large Drone Scope Chip I	1250000
Large Drone Scope Chip II	1250000
Large Drone Speed Augmentor I	1250000
Large Drone Speed Augmentor II	1250000
Large Dynamic Fuel Valve I	1250000
Large Dynamic Fuel Valve II	1250000
Large Egress Port Maximizer I	1250000
Large Egress Port Maximizer II	1250000
Large EM Armor Reinforcer I	1250000
Large EM Armor Reinforcer II	1250000
Large EM Shield Reinforcer I	1250000
Large EM Shield Reinforcer II	1250000
Large Emission Scope Sharpener I	1250000
Large Emission Scope Sharpener II	1250000
Large EMP Smartbomb I	3600000
Large EMP Smartbomb II	10000000000
Large Energy Ambit Extension I	1250000
Large Energy Ambit Extension II	1250000
Large Energy Burst Aerator I	1250000
Large Energy Burst Aerator II	1250000
Large Energy Collision Accelerator I	1250000
Large Energy Collision Accelerator II	1250000
Large Energy Discharge Elutriation I	1250000
Large Energy Discharge Elutriation II	1250000
Large Energy Locus Coordinator I	1250000
Large Energy Locus Coordinator II	1250000
Large Energy Metastasis Adjuster I	1250000
Large Energy Metastasis Adjuster II	1250000
Large Engine Thermal Shielding I	1250000
Large Engine Thermal Shielding II	1250000
Large Explosive Armor Reinforcer I	1250000
Large Explosive Armor Reinforcer II	1250000
Large Explosive Shield Reinforcer I	1250000
Large Explosive Shield Reinforcer II	1250000
Large Graviton Smartbomb I	3200000
Large Graviton Smartbomb II	9999999
Large Gravity Capacitor Upgrade I	1250000
Large Gravity Capacitor Upgrade II	1250000
Large Higgs Anchor I	1250000
Large Hull Repairer I	3125000
Large Hull Repairer II	9999999
Large Hybrid Ambit Extension I	1250000
Large Hybrid Ambit Extension II	1250000
Large Hybrid Burst Aerator I	1250000
Large Hybrid Burst Aerator II	1250000
Large Hybrid Collision Accelerator I	1250000
Large Hybrid Collision Accelerator II	1250000
Large Hybrid Discharge Elutriation I	1250000
Large Hybrid Discharge Elutriation II	1250000
Large Hybrid Locus Coordinator I	1250000
Large Hybrid Locus Coordinator II	1250000
Large Hybrid Metastasis Adjuster I	1250000
Large Hybrid Metastasis Adjuster II	1250000
Large Hydraulic Bay Thrusters I	1250000
Large Hydraulic Bay Thrusters II	1250000
Large Hyperspatial Velocity Optimizer I	1250000
Large Hyperspatial Velocity Optimizer II	1250000
Large Industrial Core I	300000000
Large Industrial Core II	780000000
Large Inverted Signal Field Projector I	1250000
Large Inverted Signal Field Projector II	1250000
Large Ionic Field Projector I	1250000
Large Ionic Field Projector II	1250000
Large Kinetic Armor Reinforcer I	1250000
Large Kinetic Armor Reinforcer II	1250000
Large Kinetic Shield Reinforcer I	1250000
Large Kinetic Shield Reinforcer II	1250000
Large Liquid Cooled Electronics I	1250000
Large Liquid Cooled Electronics II	1250000
Large Low Friction Nozzle Joints I	1250000
Large Low Friction Nozzle Joints II	1250000
Large Memetic Algorithm Bank I	1250000
Large Memetic Algorithm Bank II	1250000
Large Nanobot Accelerator I	1250000
Large Nanobot Accelerator II	1250000
Large Particle Dispersion Augmentor I	1250000
Large Particle Dispersion Augmentor II	1250000
Large Particle Dispersion Projector I	1250000
Large Particle Dispersion Projector II	1250000
Large Plasma Smartbomb I	3400000
Large Plasma Smartbomb II	9999999
Large Polycarbon Engine Housing I	1250000
Large Polycarbon Engine Housing II	1250000
Large Powergrid Subroutine Maximizer I	1250000
Large Powergrid Subroutine Maximizer II	1250000
Large Processor Overclocking Unit II	1250000
Large Projectile Ambit Extension I	1250000
Large Projectile Ambit Extension II	1250000
Large Projectile Burst Aerator I	1250000
Large Projectile Burst Aerator II	1250000
Large Projectile Collision Accelerator I	1250000
Large Projectile Collision Accelerator II	1250000
Large Projectile Locus Coordinator I	1250000
Large Projectile Locus Coordinator II	1250000
Large Projectile Metastasis Adjuster I	1250000
Large Projectile Metastasis Adjuster II	1250000
Large Proton Smartbomb I	3000000
Large Proton Smartbomb II	9999999
Large Remote Armor Repairer I	312440
Large Remote Capacitor Transmitter I	788400
Large Remote Capacitor Transmitter II	10000000000
Large Remote Hull Repairer I	3000000
Large Remote Hull Repairer II	3000000
Large Remote Repair Augmentor I	1250000
Large Remote Repair Augmentor II	1250000
Large Remote Shield Booster I	312440
Large Remote Shield Booster II	9999999
Large Rocket Fuel Cache Partition I	1250000
Large Rocket Fuel Cache Partition II	1250000
Large Salvage Tackle I	1250000
Large Salvage Tackle II	1250000
Large Scoped Vorton Projector	120000
Large Semiconductor Memory Cell I	1250000
Large Semiconductor Memory Cell II	1250000
Large Sentry Damage Augmentor I	1250000
Large Sentry Damage Augmentor II	1250000
Large Shield Booster I	1458560
Large Shield Booster II	10000000000
Large Shield Extender II	10000000000
Large Ship Assembly Array	100000000
Large Signal Disruption Amplifier I	1250000
Large Signal Disruption Amplifier II	1250000
Large Signal Focusing Kit I	1250000
Large Signal Focusing Kit II	1250000
Large Stasis Drone Augmentor I	1250000
Large Stasis Drone Augmentor II	1250000
Large Targeting System Subcontroller I	1250000
Large Targeting System Subcontroller II	1250000
Large Targeting Systems Stabilizer I	1250000
Large Targeting Systems Stabilizer II	1250000
Large Thermal Armor Reinforcer I	1250000
Large Thermal Armor Reinforcer II	1250000
Large Thermal Shield Reinforcer I	1250000
Large Thermal Shield Reinforcer II	1250000
Large Tracking Diagnostic Subroutines I	1250000
Large Tracking Diagnostic Subroutines II	1250000
Large Transverse Bulkhead I	1250000
Large Transverse Bulkhead II	125000
Large Trimark Armor Pump I	1250000
Large Trimark Armor Pump II	1250000
Large Vorton Projector I	120000
Large Vorton Projector II	120000
Large Warhead Calefaction Catalyst I	1250000
Large Warhead Calefaction Catalyst II	1250000
Large Warhead Flare Catalyst I	1250000
Large Warhead Flare Catalyst II	1250000
Large Warhead Rigor Catalyst I	1250000
Large Warhead Rigor Catalyst II	1250000
Large Warp Core Optimizer I	1250000
Large Warp Core Optimizer II	1250000
Layered Coating I	49740
Layered Coating II	10000000000
Layered Energized Membrane I	750000
Layered Energized Membrane II	10000000000
Lead Charge L	500000
Lead Charge M	175000
Lead Charge S	50000
Lead Charge XL	5000000
Leopard	50000
Leviathan	70000000000
Lif	1000000000
Ligature Integrated Analyzer	332640
Light Armor Maintenance Bot I	500000
Light Armor Maintenance Bot II	500000
Light Compact Entropic Disintegrator	120000
Light Electron Blaster I	60000
Light Electron Blaster II	10000000000
Light Entropic Disintegrator I	120000
Light Entropic Disintegrator II	10000000000
Light Hull Maintenance Bot I	500000
Light Hull Maintenance Bot II	500000
Light Ion Blaster I	90000
Light Ion Blaster II	10000000000
Light Missile Launcher II	10000000000
Light Neutron Blaster I	120000
Light Neutron Blaster II	10000000000
Light Scoped Entropic Disintegrator	120000
Light Shield Maintenance Bot I	500000
Light Shield Maintenance Bot II	500000
Limited Hyperspatial Accelerator	249980
Limited Jump Drive Economizer	249980
Limited Precise Ion Siege Blaster	72280000
Limited Precise Triple Neutron Blaster Cannon	76800000
Lockbreaker Bomb	150000000
Locust I	203363320
Locust II	203363320
Mackinaw	50000000000
Maelstrom	1450000000
Magnate	2775000
Magnetic Field Stabilizer I	249940
Magnetic Field Stabilizer II	10000000000
Magnetometric ECM I	200000
Magnetometric ECM II	10000000000
Magus	4000000
Major Threat Detection Array 1	290000000
Major Threat Detection Array 2	1150000000
Major Threat Detection Array 3	1725000000
Malediction	50000000000
Malice	2875000
Maller	83750000
Malleus I	300000000
Malleus II	300000000
Mammoth	9375000
Mangled Sansha Data Analyzer	332640
Manticore	50000000000
Mantis I	300000000
Mantis II	300000000
Mastodon	50000000000
Maulus	2325000
Medium Algid Energy Administrations Unit I	750000
Medium Algid Energy Administrations Unit II	750000
Medium Algid Hybrid Administrations Unit I	750000
Medium Algid Hybrid Administrations Unit II	750000
Medium Ancillary Armor Repairer	200000
Medium Ancillary Current Router I	750000
Medium Ancillary Current Router II	750000
Medium Ancillary Remote Armor Repairer	200000
Medium Ancillary Remote Shield Booster	185000
Medium Ancillary Shield Booster	1458560
Medium Armor Maintenance Bot I	2500000
Medium Armor Maintenance Bot II	2500000
Medium Armor Repairer I	400000
Medium Armor Repairer II	10000000000
Medium Auxiliary Nano Pump I	750000
Medium Auxiliary Nano Pump II	750000
Medium Auxiliary Thrusters I	750000
Medium Auxiliary Thrusters II	750000
Medium Bay Loading Accelerator I	750000
Medium Bay Loading Accelerator II	750000
Medium Biochemical Reactor Array	50000000
Medium Breacher Pod Launcher	60000
Medium Cap Battery I	250000
Medium Cap Battery II	10000000000
Medium Capacitor Booster I	281240
Medium Capacitor Booster II	10000000000
Medium Capacitor Control Circuit I	750000
Medium Capacitor Control Circuit II	750000
Medium Cargohold Optimization I	750000
Medium Cargohold Optimization II	750000
Medium Command Processor I	750000
Medium Compact Vorton Projector	120000
Medium Consortium Vorton Projector	120000
Medium Core Defense Capacitor Safeguard I	750000
Medium Core Defense Capacitor Safeguard II	750000
Medium Core Defense Charge Economizer I	750000
Medium Core Defense Charge Economizer II	750000
Medium Core Defense Field Extender I	750000
Medium Core Defense Field Extender II	750000
Medium Core Defense Field Purger I	750000
Medium Core Defense Field Purger II	750000
Medium Core Defense Operational Solidifier I	750000
Medium Core Defense Operational Solidifier II	750000
Medium Drone Control Range Augmentor I	750000
Medium Drone Control Range Augmentor II	750000
Medium Drone Durability Enhancer I	750000
Medium Drone Durability Enhancer II	750000
Medium Drone Mining Augmentor I	750000
Medium Drone Mining Augmentor II	750000
Medium Drone Repair Augmentor I	750000
Medium Drone Repair Augmentor II	750000
Medium Drone Scope Chip I	750000
Medium Drone Scope Chip II	750000
Medium Drone Speed Augmentor I	750000
Medium Drone Speed Augmentor II	750000
Medium Dynamic Fuel Valve I	750000
Medium Dynamic Fuel Valve II	750000
Medium Egress Port Maximizer I	750000
Medium Egress Port Maximizer II	750000
Medium EM Armor Reinforcer I	750000
Medium EM Armor Reinforcer II	750000
Medium EM Shield Reinforcer I	750000
Medium EM Shield Reinforcer II	750000
Medium Emission Scope Sharpener I	750000
Medium Emission Scope Sharpener II	750000
Medium EMP Smartbomb I	1800000
Medium EMP Smartbomb II	10000000000
Medium Energy Ambit Extension I	750000
Medium Energy Ambit Extension II	750000
Medium Energy Burst Aerator I	750000
Medium Energy Burst Aerator II	750000
Medium Energy Collision Accelerator I	750000
Medium Energy Collision Accelerator II	750000
Medium Energy Discharge Elutriation I	750000
Medium Energy Discharge Elutriation II	750000
Medium Energy Locus Coordinator I	750000
Medium Energy Locus Coordinator II	750000
Medium Energy Metastasis Adjuster I	750000
Medium Energy Metastasis Adjuster II	750000
Medium Energy Neutralizer I	998400
Medium Energy Neutralizer II	10000000000
Medium Energy Nosferatu I	1975200
Medium Energy Nosferatu II	10000000000
Medium Engine Thermal Shielding I	750000
Medium Engine Thermal Shielding II	750000
Medium Explosive Armor Reinforcer I	750000
Medium Explosive Armor Reinforcer II	750000
Medium Explosive Shield Reinforcer I	750000
Medium Explosive Shield Reinforcer II	750000
Medium Graviton Smartbomb I	1600000
Medium Graviton Smartbomb II	9999999
Medium Gravity Capacitor Upgrade I	750000
Medium Gravity Capacitor Upgrade II	750000
Medium Higgs Anchor I	750000
Medium Hull Maintenance Bot I	2500000
Medium Hull Maintenance Bot II	2500000
Medium Hull Repairer I	1250000
Medium Hull Repairer II	9999999
Medium Hybrid Ambit Extension I	750000
Medium Hybrid Ambit Extension II	750000
Medium Hybrid Burst Aerator I	750000
Medium Hybrid Burst Aerator II	750000
Medium Hybrid Collision Accelerator I	750000
Medium Hybrid Collision Accelerator II	750000
Medium Hybrid Discharge Elutriation I	750000
Medium Hybrid Discharge Elutriation II	750000
Medium Hybrid Locus Coordinator I	750000
Medium Hybrid Locus Coordinator II	750000
Medium Hybrid Metastasis Adjuster I	750000
Medium Hybrid Metastasis Adjuster II	750000
Medium Hydraulic Bay Thrusters I	750000
Medium Hydraulic Bay Thrusters II	750000
Medium Hyperspatial Velocity Optimizer I	750000
Medium Hyperspatial Velocity Optimizer II	750000
Medium Ice Harvester Accelerator I	750000
Medium Industrial Core I	100000000
Medium Industrial Core II	260000000
Medium Inverted Signal Field Projector I	750000
Medium Inverted Signal Field Projector II	750000
Medium Ionic Field Projector I	750000
Medium Ionic Field Projector II	750000
Medium Kinetic Armor Reinforcer I	750000
Medium Kinetic Armor Reinforcer II	750000
Medium Kinetic Shield Reinforcer I	750000
Medium Kinetic Shield Reinforcer II	750000
Medium Liquid Cooled Electronics I	750000
Medium Liquid Cooled Electronics II	750000
Medium Low Friction Nozzle Joints I	750000
Medium Low Friction Nozzle Joints II	750000
Medium Memetic Algorithm Bank I	750000
Medium Memetic Algorithm Bank II	750000
Medium Nanobot Accelerator I	750000
Medium Nanobot Accelerator II	750000
Medium Particle Dispersion Augmentor I	750000
Medium Particle Dispersion Augmentor II	750000
Medium Particle Dispersion Projector I	750000
Medium Particle Dispersion Projector II	750000
Medium Plasma Smartbomb I	1700000
Medium Plasma Smartbomb II	10000000000
Medium Polycarbon Engine Housing I	750000
Medium Polycarbon Engine Housing II	750000
Medium Powergrid Subroutine Maximizer I	750000
Medium Powergrid Subroutine Maximizer II	750000
Medium Processor Overclocking Unit I	750000
Medium Processor Overclocking Unit II	750000
Medium Projectile Ambit Extension I	750000
Medium Projectile Ambit Extension II	750000
Medium Projectile Burst Aerator I	750000
Medium Projectile Burst Aerator II	750000
Medium Projectile Collision Accelerator I	750000
Medium Projectile Collision Accelerator II	750000
Medium Projectile Locus Coordinator I	750000
Medium Projectile Locus Coordinator II	750000
Medium Projectile Metastasis Adjuster I	750000
Medium Projectile Metastasis Adjuster II	750000
Medium Proton Smartbomb I	1500000
Medium Proton Smartbomb II	10000000000
Medium Remote Armor Repairer I	124700
Medium Remote Capacitor Transmitter I	300000
Medium Remote Capacitor Transmitter II	10000000000
Medium Remote Hull Repairer I	2000000
Medium Remote Hull Repairer II	2000000
Medium Remote Repair Augmentor I	750000
Medium Remote Repair Augmentor II	750000
Medium Remote Shield Booster I	124700
Medium Remote Shield Booster II	10000000000
Medium Rocket Fuel Cache Partition I	750000
Medium Rocket Fuel Cache Partition II	750000
Medium Salvage Tackle I	750000
Medium Salvage Tackle II	750000
Medium Scoped Vorton Projector	120000
Medium Semiconductor Memory Cell I	750000
Medium Semiconductor Memory Cell II	750000
Medium Sentry Damage Augmentor I	750000
Medium Sentry Damage Augmentor II	750000
Medium Shield Booster I	364640
Medium Shield Booster II	10000000000
Medium Shield Extender II	10000000000
Medium Shield Maintenance Bot I	2500000
Medium Shield Maintenance Bot II	2500000
Medium Ship Assembly Array	50000000
Medium Signal Disruption Amplifier I	750000
Medium Signal Disruption Amplifier II	750000
Medium Signal Focusing Kit I	750000
Medium Signal Focusing Kit II	750000
Medium Stasis Drone Augmentor I	750000
Medium Stasis Drone Augmentor II	750000
Medium Targeting System Subcontroller I	750000
Medium Targeting System Subcontroller II	750000
Medium Targeting Systems Stabilizer I	750000
Medium Targeting Systems Stabilizer II	750000
Medium Thermal Armor Reinforcer I	750000
Medium Thermal Armor Reinforcer II	750000
Medium Thermal Shield Reinforcer I	750000
Medium Thermal Shield Reinforcer II	750000
Medium Tracking Diagnostic Subroutines I	750000
Medium Tracking Diagnostic Subroutines II	750000
Medium Transverse Bulkhead I	750000
Medium Transverse Bulkhead II	125000
Medium Trimark Armor Pump I	750000
Medium Trimark Armor Pump II	750000
Medium Vorton Projector I	120000
Medium Vorton Projector II	120000
Medium Warhead Calefaction Catalyst I	750000
Medium Warhead Calefaction Catalyst II	750000
Medium Warhead Flare Catalyst I	750000
Medium Warhead Flare Catalyst II	750000
Medium Warhead Rigor Catalyst I	750000
Medium Warhead Rigor Catalyst II	750000
Medium Warp Core Optimizer I	750000
Medium Warp Core Optimizer II	750000
Mega Beam Laser I	12000000
Mega Beam Laser II	10000000000
Mega Pulse Laser I	9000000
Mega Pulse Laser II	10000000000
Megacyte Prospecting Array 1	350000000
Megacyte Prospecting Array 2	575000000
Megacyte Prospecting Array 3	1000000000
Megathron	1250000000
Mercenary Den	100000000
Mercoxit Asteroid Mining Crystal Type A I	14000000
Mercoxit Asteroid Mining Crystal Type A II	10000000000
Mercoxit Asteroid Mining Crystal Type B I	17500000
Mercoxit Asteroid Mining Crystal Type B II	12500000000
Mercoxit Asteroid Mining Crystal Type C I	21000000
Mercoxit Asteroid Mining Crystal Type C II	15000000000
MesmerFlux Condenser Pack L	40000
MesmerFlux Condenser Pack M	40000
MesmerFlux Condenser Pack S	40000
Meson Exotic Plasma L	400000
Meson Exotic Plasma M	150000
Meson Exotic Plasma S	40000
Meson Exotic Plasma XL	400000
Meta-Operant Neurolink Enhancer	40000000
Methanofullerene	15000000
Mexallon Prospecting Array 1	350000000
Mexallon Prospecting Array 2	575000000
Mexallon Prospecting Array 3	1000000000
Miasmos	4287500
Miasmos Amastris Edition	4287500
Miasmos Quafe Ultra Edition	4287500
Miasmos Quafe Ultramarine Edition	4287500
Micro Auxiliary Power Core I	1500000
Micro Auxiliary Power Core II	1500000
Micro Jump Field Generator	12655040
Microwave L	2000000
Microwave M	200000
Microwave S	20000
Microwave XL	20000000
Miner I	92720
Miner II	10000000000
Mining Drone I	19986000
Mining Drone II	20000000000
Mining Equipment Preservation Charge	10000000
Mining Foreman Burst I	2000000
Mining Foreman Burst II	2000000
Mining Foreman Link - Harvester Capacitor Efficiency I	1732280
Mining Foreman Link - Harvester Capacitor Efficiency II	1732280
Mining Foreman Link - Laser Optimization I	1732280
Mining Foreman Link - Laser Optimization II	1732280
Mining Foreman Link - Mining Laser Field Enhancement I	1732280
Mining Foreman Link - Mining Laser Field Enhancement II	1732280
Mining Laser Field Enhancement Charge	10000000
Mining Laser Optimization Charge	10000000
Mining Laser Upgrade II	250000
Minmatar Phenomena Generator	300000000
Minmatar Shuttle	50000
Minokawa	1000000000
Minor Threat Detection Array 1	290000000
Minor Threat Detection Array 2	1150000000
Minor Threat Detection Array 3	1725000000
Missile Guidance Computer I	99000
Missile Guidance Enhancer I	144000
Missile Precision Disruption Script	1500000
Missile Precision Script	1500000
Missile Range Disruption Script	1500000
Missile Range Script	1500000
Mjolnir Auto-Targeting Cruise Missile I	5000000
Mjolnir Auto-Targeting Heavy Missile I	900000
Mjolnir Auto-Targeting Light Missile I	180000
Mjolnir Fury Cruise Missile	10000000000
Mjolnir Fury Heavy Missile	10000000000
Mjolnir Fury Light Missile	10000000000
Mjolnir Fury XL Cruise Missile	100000000
Mjolnir Javelin Heavy Assault Missile	10000000000
Mjolnir Javelin Rocket	10000000000
Mjolnir Javelin Torpedo	10000000000
Mjolnir Javelin XL Torpedo	100000000
Mjolnir Precision Cruise Missile	10000000000
Mjolnir Precision Heavy Missile	10000000000
Mjolnir Precision Light Missile	10000000000
Mjolnir Precision XL Cruise Missile	100000000
Mjolnir Rage Heavy Assault Missile	10000000000
Mjolnir Rage Rocket	10000000000
Mjolnir Rage Torpedo	10000000000
Mjolnir Rage XL Torpedo	100000000
Mjolnir Torpedo	7000000
Mjolnir XL Cruise Missile	100000000
Mjolnir XL Torpedo	100000000
ML-EKP 'Polybolos' Ballistic Control System	499200
Mobile Cynosural Beacon	100000000
Mobile Cynosural Inhibitor	150000000
Mobile Depot	1000000
Mobile Large Warp Disruptor I	119764480
Mobile Large Warp Disruptor II	119764480
Mobile Medium Warp Disruptor I	29941120
Mobile Medium Warp Disruptor II	20000000000
Mobile Micro Jump Unit	30000000
Mobile Observatory	140000000
Mobile Sanguine Harvester	30000000
Mobile Scan Inhibitor	150000000
Mobile Small Warp Disruptor I	7485280
Mobile Small Warp Disruptor II	20000000000
Mobile Tractor Unit	30000000
Modal Enduring Dual Giga Beam Laser	96800000
Modal Enduring Dual Giga Pulse Laser	86000000
Modal Enduring Ion Siege Blaster	72280000
Modal Enduring Quad Mega Pulse Laser	90000000
Modal Enduring Triple Neutron Blaster Cannon	76800000
Modulated Compact Dual Giga Beam Laser	96800000
Modulated Compact Dual Giga Pulse Laser	86000000
Modulated Compact Quad Mega Pulse Laser	90000000
Modulated Deep Core Miner II	10000000000
Modulated Deep Core Strip Miner II	10000000000
Modulated Strip Miner II	10000000000
Monitor	60000000
Moon Harvesting Array	100000000
Moros	1900000000
Multifrequency L	4000000
Multifrequency M	400000
Multifrequency S	40000
Multifrequency XL	40000000
Multispectral ECM I	296960
Multispectral ECM II	10000000000
Multispectrum Coating II	10000000000
Multispectrum Energized Membrane II	10000000000
Multispectrum Shield Hardener I	750000
Multispectrum Shield Hardener II	10000000000
Muninn	50000000000
Myrmidon	600000000
Mystic L	10000000000
Mystic M	10000000000
Mystic S	10000000000
Naglfar	1850000000
Nanite Repair Paste	50000000
Nanofiber Internal Structure I	16640
Nanofiber Internal Structure II	10000000000
Nanotransistors	20000000
Navitas	2525000
Navy Scan Acquisition Array	600000
Navy Scan Pinpointing Array	600000
Navy Scan Rangefinding Array	600000
Nemesis	50000000000
Neo Mercurite	10000000
Nereus	3100000
Nergal	50000000000
Networked Sensor Array	60000000
Neutron Blaster Cannon I	12000000
Neutron Blaster Cannon II	10000000000
Nidhoggur	1150000000
Nighthawk	50000000000
Ninazu	1000000000
Nitrogen Fuel Block	10000000
Noctis	390000000
Nocxium Prospecting Array 1	350000000
Nocxium Prospecting Array 2	575000000
Nocxium Prospecting Array 3	1000000000
Noir. Modified Entosis Link	200000000
Nomad	1850000000
Nonlinear Metamaterials	20000000
Nova Auto-Targeting Cruise Missile I	2500000
Nova Auto-Targeting Heavy Missile I	700000
Nova Auto-Targeting Light Missile I	140000
Nova Fury Cruise Missile	10000000000
Nova Fury Heavy Missile	10000000000
Nova Fury Light Missile	10000000000
Nova Fury XL Cruise Missile	70000000
Nova Heavy Assault Missile	600000
Nova Javelin Heavy Assault Missile	10000000000
Nova Javelin Rocket	10000000000
Nova Javelin Torpedo	10000000000
Nova Javelin XL Torpedo	70000000
Nova Precision Cruise Missile	10000000000
Nova Precision Heavy Missile	10000000000
Nova Precision Light Missile	10000000000
Nova Precision XL Cruise Missile	70000000
Nova Rage Heavy Assault Missile	10000000000
Nova Rage Rocket	10000000000
Nova Rage Torpedo	10000000000
Nova Rage XL Torpedo	70000000
Nova Torpedo	10000000
Nova XL Cruise Missile	70000000
Nova XL Torpedo	70000000
Nuclear L	300000
Nuclear M	120000
Nuclear S	30000
Nuclear XL	3000000
Null L	10000000000
Null M	10000000000
Null S	10000000000
Null XL	6000000
Obelisk	1950000000
Occator	50000000000
Occult L	10000000000
Occult M	10000000000
Occult S	10000000000
Ogre II	20000000000
Ogre SD-900	7000000
Omen	82750000
Omnidirectional Tracking Enhancer I	144000
Omnidirectional Tracking Enhancer II	144000
Omnidirectional Tracking Link I	99000
Oneiros	50000000000
Optimal Range Disruption Script	1500000
Optimal Range Script	1500000
Oracle	625000000
Orbital Skyhook	5500000000
Orca	900000000
Osprey Navy Issue	28750000
Overdrive Injector System I	249980
Overdrive Injector System II	10000000000
Pacifier	1600000
Paladin	1800000000
Pandemic SPHERE Modified Entosis Link	200000000
Passive Targeter I	250000
Passive Targeter II	9999999
Personal Hangar Array	300000000
Perun Heavy Mutadaptive Remote Armor Repairer	124700
Phased Plasma L	800000
Phased Plasma M	325000
Phased Plasma XL	8000000
Phenolic Composites	20000000
Phoenix	1950000000
Photon Scattering Array	50000000
Photonic Metamaterials	20000000
Pilgrim	50000000000
Plasma Stability Generator	750000000
Plasmonic Metamaterials	20000000
Platinum Technite	10000000
Plutonium Charge L	800000
Plutonium Charge M	325000
Plutonium Charge S	80000
Plutonium Charge XL	8000000
Polarized 200mm AutoCannon	9999999
Polarized 425mm AutoCannon	9999999
Polarized Heavy Neutron Blaster	9999999
Polarized Heavy Pulse Laser	9999999
Polarized Light Neutron Blaster	9999999
Polarized Mega Pulse Laser	9999999
Polarized Neutron Blaster Cannon	9999999
Polarized Rocket Launcher	9999999
Polarized Small Focused Pulse Laser	9999999
Polarized Torpedo Launcher	9999999
Polymer Reactor Array	50000000
Pontifex	4000000
Porpoise	600000000
Power Diagnostic System II	10000000000
Power Monitoring Division 1	600000000
Power Monitoring Division 2	1000000000
Power Monitoring Division 3	1200000000
PPD Fullerene Fibers	15000000
Praetor EV-900	6000000
Praetor I	6000000
Praetor II	20000000000
Praetor TD-900	6000000
Praxis	1800000000
Pressurized Oxidizers	20000000
Primae	9999999
Procurer	1400000000
Promethium Mercurite	10000000
Prometium	10000000
Prophecy	555000000
Prorator	50000000000
Prospect	2825000
Proton L	400000
Proton M	165000
Proton S	40000
Proton XL	4000000
Prototype Cloaking Device I	100000000
Prototype Hyperspatial Accelerator	249980
Prototype Jump Drive Economizer	249980
Prototype Precise Dual 1000mm Railgun	92050000
Prototype Precise Hexa 2500mm Repeating Cannon	65300000
Prototype Precise Quad 3500mm Siege Artillery	74400000
Prototype Precise Quad 800mm Repeating Cannon	68000000
Providence	1900000000
Prowler	50000000000
Pulse Activated Nexus Invulnerability Core	200000000
Purifier	50000000000
Purloined Sansha Data Analyzer	332640
Pyerite Prospecting Array 1	350000000
Pyerite Prospecting Array 2	575000000
Pyerite Prospecting Array 3	1000000000
Quad 3500mm Siege Artillery I	37692954
Quad 3500mm Siege Artillery II	37692954
Quad 800mm Repeating Cannon I	34000000
Quad 800mm Repeating Cannon II	32694870
Quad Light Beam Laser I	185280
Quad Light Beam Laser II	10000000000
Quad Mega Pulse Laser I	45000000
Quad Mega Pulse Laser II	43006260
Quake L	10000000000
Quake M	10000000000
Quake S	10000000000
Quake XL	6000000
R.A.M.- Ammunition Tech	364560
R.A.M.- Armor/Hull Tech	364560
R.A.M.- Electronics	282640
R.A.M.- Energy Tech	282640
R.A.M.- Robotics	282640
R.A.M.- Shield Tech	282640
R.A.M.- Weapon Tech	282640
R.Db - Boundless Creations	586240
R.Db - Carthum Conglomerate	586240
R.Db - Core Complexion	586240
R.Db - CreoDron	586240
R.Db - Duvolle Labs	586240
R.Db - Ishukone	586240
R.Db - Kaalakiota	586240
R.Db - Khanid Innovation	586240
R.Db - Lai Dai	586240
R.Db - Roden Shipyards	586240
R.Db - Thukker Mix	586240
R.Db - Viziam	586240
Radar ECM I	200000
Radar ECM II	10000000000
Radio L	3000000
Radio M	300000
Radio S	30000
Radio XL	30000000
Ragnarok	67500000000
Rapid Deployment Charge	10000000
Rapid Equipment Assembly Array	50000000
Rapid Heavy Missile Launcher I	749970
Rapid Light Missile Launcher I	90000
Rapid Light Missile Launcher II	10000000000
Rapid Repair Charge	10000000
Rapid Torpedo Launcher I	48370000
Rapid Torpedo Launcher II	54371388
Rapier	50000000000
Raptor	50000000000
Rare Moon Mining Crystal Type A I	7617600
Rare Moon Mining Crystal Type A II	10000000000
Rare Moon Mining Crystal Type B I	9522000
Rare Moon Mining Crystal Type B II	12500000000
Rare Moon Mining Crystal Type C I	11426400
Rare Moon Mining Crystal Type C II	15000000000
Raven	1135000000
Reaction-Orienting Neurolink Stabilizer	10000000
Reactor Control Unit I	99200
Reactor Control Unit II	10000000000
Regulated Compact Ion Siege Blaster	72280000
Regulated Compact Triple Neutron Blaster Cannon	76800000
Reinforced Bulkheads I	125000
Reinforced Bulkheads II	9999999
Relic Analyzer II	332640
Remote Sensor Booster I	399680
Remote Sensor Dampener I	499980
Remote Sensor Dampener II	10000000000
Remote Tracking Computer I	299940
Remote Tracking Computer II	10000000000
Reprocessing Array	50000000
Republic Fleet Dromi	200473400
Republic Fleet Einherji	200473400
Republic Fleet Gram	200473400
Republic Fleet Heavy Assault Missile Launcher	300000
Retribution	50000000000
Retriever	1700000000
Revelation	2000000000
Rhea	2000000000
Rifter	2800000
Rocket Launcher I	30000
Rocket Launcher II	10000000000
Rokh	1650000000
Rolled Tungsten Alloy	10000000
Rook	50000000000
Rorqual	3000000000
Rupture	83000000
Sabre	50000000000
Sacrilege	50000000000
Salvage Drone II	20000000000
Salvager II	332640
Sansha Juggernaut Torpedo	9000000
Sansha Wrath Cruise Missile	3000000
Satyr I	213949920
Satyr II	213949920
Scan Acquisition Array I	600000
Scan Acquisition Array II	600000
Scan Pinpointing Array I	600000
Scan Pinpointing Array II	600000
Scan Rangefinding Array I	600000
Scan Rangefinding Array II	600000
Scan Resolution Dampening Script	1500000
Scan Resolution Script	1500000
Scandium Metallofullerene	15000000
SCARAB Breacher Pod M	100000000
SCARAB Breacher Pod S	100000000
Scarab I	300000000
Scarab II	300000000
Scimitar	50000000000
Scorch Bomb	200000000
Scorch L	10000000000
Scorch M	10000000000
Scorch S	10000000000
Scorch XL	15000000
Scorpion	1075000000
Scorpion Navy Issue	712500000
Scourge Auto-Targeting Cruise Missile I	3000000
Scourge Auto-Targeting Heavy Missile I	750000
Scourge Auto-Targeting Light Missile I	150000
Scourge Fury Cruise Missile	10000000000
Scourge Fury Heavy Missile	10000000000
Scourge Fury Light Missile	10000000000
Scourge Fury XL Cruise Missile	80000000
Scourge Javelin Heavy Assault Missile	10000000000
Scourge Javelin Rocket	10000000000
Scourge Javelin Torpedo	10000000000
Scourge Javelin XL Torpedo	80000000
Scourge Precision Cruise Missile	10000000000
Scourge Precision Heavy Missile	10000000000
Scourge Precision Light Missile	10000000000
Scourge Precision XL Cruise Missile	80000000
Scourge Rage Heavy Assault Missile	10000000000
Scourge Rage Rocket	10000000000
Scourge Rage Torpedo	10000000000
Scourge Rage XL Torpedo	80000000
Scourge Torpedo	9000000
Scourge XL Cruise Missile	80000000
Scourge XL Torpedo	80000000
Scout Scoped Dual 1000mm Railgun	92050000
Scout Scoped Hexa 2500mm Repeating Cannon	65300000
Scout Scoped Quad 3500mm Siege Artillery	74400000
Scout Scoped Quad 800mm Repeating Cannon	68000000
Scythe	80000000
Scythe Fleet Issue	28775000
Sense-Heuristic Neurolink Enhancer	10000000
Sensor Booster II	10000000000
Sensor Dampening Battery	50000000
Sensor Dampening Burst Projector	51000000
Sensor Optimization Charge	10000000
Sentient Fighter Support Unit	55000000
Sentinel	1500000
Shadow	300000000
Shadow Serpentis 10000MN Afterburner	50000000
Shadow Serpentis 50000MN Microwarpdrive	60000000
Shadow Serpentis Dual 1000mm Railgun	46052412
Shadow Serpentis Heavy Warp Disruptor	394240
Shadow Serpentis Heavy Warp Scrambler	394240
Shadow Serpentis Ion Siege Blaster	36286548
Shadow Serpentis Triple Neutron Blaster Cannon	36286548
Shield Boost Amplifier I	3500000
Shield Boost Amplifier II	10000000000
Shield Command Burst I	2000000
Shield Command Burst II	2000000
Shield EM Resistance Script	5000000
Shield Explosive Resistance Script	5000000
Shield Extension Charge	10000000
Shield Flux Coil I	41600
Shield Flux Coil II	9999999
Shield Harmonizing Charge	10000000
Shield Kinetic Resistance Script	5000000
Shield Power Relay I	97440
Shield Power Relay II	9999999
Shield Recharger I	87360
Shield Recharger II	10000000000
Shield Thermal Resistance Script	5000000
Ship Maintenance Array	100000000
Ship Scanner I	19840
Ship Scanner II	9999999
Shrapnel Bomb	200000000
Siege Module I	522349680
Siege Module II	522349680
Sigil	4977500
Signal Amplifier I	118400
Signal Amplifier II	10000000000
Signal Distortion Amplifier I	249600
Signal Distortion Amplifier II	10000000000
Signature Radius Suppressor I	296960
Silicon Diborite	10000000
Silo	50000000
Simple Asteroid Mining Crystal Type A I	2000000
Simple Asteroid Mining Crystal Type A II	10000000000
Simple Asteroid Mining Crystal Type B II	12500000000
Simple Asteroid Mining Crystal Type C II	15000000000
Simple Reactor Array	50000000
Siren I	300000000
Siren II	300000000
Sisters Capital Emergency Hull Energizer	50000
Skiff	50000000000
Skirmish Command Burst I	2000000
Skirmish Command Burst II	2000000
SlamBolt Condenser Pack L	40000
SlamBolt Condenser Pack M	40000
SlamBolt Condenser Pack S	40000
Slasher	2100000
Sleipnir	50000000000
Small Algid Energy Administrations Unit I	125000
Small Algid Energy Administrations Unit II	125000
Small Algid Hybrid Administrations Unit I	125000
Small Algid Hybrid Administrations Unit II	125000
Small Ancillary Armor Repairer	200000
Small Ancillary Current Router I	125000
Small Ancillary Current Router II	125000
Small Ancillary Remote Armor Repairer	75000
Small Ancillary Remote Shield Booster	75000
Small Ancillary Shield Booster	1458560
Small Armor Repairer I	200000
Small Armor Repairer II	10000000000
Small Auxiliary Nano Pump II	125000
Small Auxiliary Thrusters I	125000
Small Auxiliary Thrusters II	125000
Small Bay Loading Accelerator I	125000
Small Bay Loading Accelerator II	125000
Small Breacher Pod Launcher	60000
Small Cap Battery I	100000
Small Cap Battery II	10000000000
Small Capacitor Booster I	112500
Small Capacitor Booster II	10000000000
Small Capacitor Control Circuit I	125000
Small Capacitor Control Circuit II	125000
Small Cargohold Optimization II	125000
Small Command Processor I	125000
Small Compact Vorton Projector	120000
Small Consortium Vorton Projector	120000
Small Core Defense Capacitor Safeguard I	125000
Small Core Defense Capacitor Safeguard II	125000
Small Core Defense Charge Economizer I	125000
Small Core Defense Charge Economizer II	125000
Small Core Defense Field Extender I	125000
Small Core Defense Field Extender II	125000
Small Core Defense Field Purger I	125000
Small Core Defense Field Purger II	125000
Small Core Defense Operational Solidifier I	125000
Small Core Defense Operational Solidifier II	125000
Small Drone Control Range Augmentor I	125000
Small Drone Control Range Augmentor II	125000
Small Drone Durability Enhancer I	125000
Small Drone Durability Enhancer II	125000
Small Drone Mining Augmentor I	125000
Small Drone Mining Augmentor II	125000
Small Drone Repair Augmentor I	125000
Small Drone Repair Augmentor II	125000
Small Drone Scope Chip I	125000
Small Drone Scope Chip II	125000
Small Drone Speed Augmentor I	125000
Small Drone Speed Augmentor II	125000
Small Dynamic Fuel Valve I	125000
Small Dynamic Fuel Valve II	125000
Small Egress Port Maximizer I	125000
Small Egress Port Maximizer II	125000
Small EM Armor Reinforcer I	125000
Small EM Armor Reinforcer II	125000
Small EM Shield Reinforcer I	125000
Small EM Shield Reinforcer II	125000
Small Emission Scope Sharpener I	125000
Small Emission Scope Sharpener II	125000
Small EMP Smartbomb I	650000
Small EMP Smartbomb II	10000000000
Small Energy Ambit Extension I	125000
Small Energy Ambit Extension II	125000
Small Energy Burst Aerator I	125000
Small Energy Burst Aerator II	125000
Small Energy Collision Accelerator I	125000
Small Energy Collision Accelerator II	125000
Small Energy Discharge Elutriation I	125000
Small Energy Discharge Elutriation II	125000
Small Energy Locus Coordinator I	125000
Small Energy Locus Coordinator II	125000
Small Energy Metastasis Adjuster I	125000
Small Energy Metastasis Adjuster II	125000
Small Energy Neutralizer I	199680
Small Energy Neutralizer II	10000000000
Small Energy Nosferatu I	395040
Small Engine Thermal Shielding I	125000
Small Engine Thermal Shielding II	125000
Small Explosive Armor Reinforcer I	125000
Small Explosive Armor Reinforcer II	125000
Small Explosive Shield Reinforcer I	125000
Small Explosive Shield Reinforcer II	125000
Small Focused Beam Laser I	150000
Small Focused Beam Laser II	10000000000
Small Focused Pulse Laser I	120000
Small Focused Pulse Laser II	10000000000
Small Graviton Smartbomb I	550000
Small Graviton Smartbomb II	10000000000
Small Gravity Capacitor Upgrade I	125000
Small Gravity Capacitor Upgrade II	125000
Small Higgs Anchor I	125000
Small Hull Repairer I	499980
Small Hull Repairer II	9999999
Small Hybrid Ambit Extension I	125000
Small Hybrid Ambit Extension II	125000
Small Hybrid Burst Aerator I	125000
Small Hybrid Burst Aerator II	125000
Small Hybrid Collision Accelerator I	125000
Small Hybrid Collision Accelerator II	125000
Small Hybrid Discharge Elutriation I	125000
Small Hybrid Discharge Elutriation II	125000
Small Hybrid Locus Coordinator I	125000
Small Hybrid Locus Coordinator II	125000
Small Hybrid Metastasis Adjuster I	125000
Small Hybrid Metastasis Adjuster II	125000
Small Hydraulic Bay Thrusters I	125000
Small Hydraulic Bay Thrusters II	125000
Small Hyperspatial Velocity Optimizer I	125000
Small Hyperspatial Velocity Optimizer II	125000
Small Inverted Signal Field Projector I	125000
Small Inverted Signal Field Projector II	125000
Small Ionic Field Projector I	125000
Small Ionic Field Projector II	125000
Small Kinetic Armor Reinforcer I	125000
Small Kinetic Armor Reinforcer II	125000
Small Kinetic Shield Reinforcer I	125000
Small Kinetic Shield Reinforcer II	125000
Small Liquid Cooled Electronics I	125000
Small Liquid Cooled Electronics II	125000
Small Low Friction Nozzle Joints I	125000
Small Low Friction Nozzle Joints II	125000
Small Memetic Algorithm Bank I	125000
Small Memetic Algorithm Bank II	125000
Small Mobile 'Hybrid' Siphon Unit	100000000
Small Mobile 'Rote' Siphon Unit	120000000
Small Mobile Siphon Unit	100000000
Small Nanobot Accelerator II	125000
Small Particle Dispersion Augmentor I	125000
Small Particle Dispersion Augmentor II	125000
Small Particle Dispersion Projector I	125000
Small Particle Dispersion Projector II	125000
Small Plasma Smartbomb I	600000
Small Plasma Smartbomb II	10000000000
Small Polycarbon Engine Housing I	125000
Small Polycarbon Engine Housing II	125000
Small Powergrid Subroutine Maximizer I	125000
Small Powergrid Subroutine Maximizer II	125000
Small Processor Overclocking Unit I	125000
Small Processor Overclocking Unit II	125000
Small Projectile Ambit Extension I	125000
Small Projectile Ambit Extension II	125000
Small Projectile Burst Aerator I	125000
Small Projectile Burst Aerator II	125000
Small Projectile Collision Accelerator I	125000
Small Projectile Collision Accelerator II	125000
Small Projectile Locus Coordinator I	125000
Small Projectile Locus Coordinator II	125000
Small Projectile Metastasis Adjuster I	125000
Small Projectile Metastasis Adjuster II	125000
Small Proton Smartbomb I	500000
Small Proton Smartbomb II	10000000000
Small Remote Armor Repairer I	49960
Small Remote Capacitor Transmitter I	125000
Small Remote Capacitor Transmitter II	10000000000
Small Remote Hull Repairer I	1000000
Small Remote Hull Repairer II	1000000
Small Remote Repair Augmentor II	125000
Small Remote Shield Booster I	49960
Small Remote Shield Booster II	10000000000
Small Rocket Fuel Cache Partition I	125000
Small Rocket Fuel Cache Partition II	125000
Small Salvage Tackle I	125000
Small Salvage Tackle II	125000
Small Scoped Vorton Projector	120000
Small Semiconductor Memory Cell I	125000
Small Semiconductor Memory Cell II	125000
Small Sentry Damage Augmentor I	125000
Small Sentry Damage Augmentor II	125000
Small Shield Booster II	10000000000
Small Shield Extender I	49920
Small Shield Extender II	10000000000
Small Ship Assembly Array	50000000
Small Signal Disruption Amplifier I	125000
Small Signal Disruption Amplifier II	125000
Small Signal Focusing Kit I	125000
Small Signal Focusing Kit II	125000
Small Stasis Drone Augmentor I	125000
Small Stasis Drone Augmentor II	125000
Small Targeting System Subcontroller I	125000
Small Targeting System Subcontroller II	125000
Small Targeting Systems Stabilizer I	125000
Small Targeting Systems Stabilizer II	125000
Small Thermal Armor Reinforcer I	125000
Small Thermal Armor Reinforcer II	125000
Small Thermal Shield Reinforcer I	125000
Small Thermal Shield Reinforcer II	125000
Small Tracking Diagnostic Subroutines I	125000
Small Tracking Diagnostic Subroutines II	125000
Small Tractor Beam II	90000
Small Transverse Bulkhead I	125000
Small Transverse Bulkhead II	125000
Small Trimark Armor Pump I	125000
Small Trimark Armor Pump II	125000
Small Vorton Projector I	120000
Small Vorton Projector II	120000
Small Warhead Calefaction Catalyst I	125000
Small Warhead Calefaction Catalyst II	125000
Small Warhead Flare Catalyst I	125000
Small Warhead Flare Catalyst II	125000
Small Warhead Rigor Catalyst I	125000
Small Warhead Rigor Catalyst II	125000
Small Warp Core Optimizer I	125000
Small Warp Core Optimizer II	125000
Solerium	10000000
Sovereignty Hub	575000000
Spectre Fleet's Modified Entosis Link	200000000
Spike L	10000000000
Spike M	10000000000
Spike S	10000000000
Spike XL	8000000
Squall	100000000
Stabber	82000000
Standard Blue Pill Booster	10000000
Standard Crash Booster	10000000
Standard Drop Booster	10000000
Standard Exile Booster	10000000
Standard Frentix Booster	10000000
Standard L	1250000
Standard M	125000
Standard Mindflood Booster	10000000
Standard S	12500
Standard Sooth Sayer Booster	10000000
Standard X-Instinct Booster	10000000
Standard XL	12500000
Standup Ametat I	300000000
Standup Ametat II	300000000
Standup Antaeus I	300000000
Standup Antaeus II	300000000
Standup Anticapital Missile Launcher I	300000000
Standup Anticapital Missile Launcher II	300000000
Standup Arcing Vorton Projector I	10000000000
Standup Ballistic Control System I	60000000
Standup Ballistic Control System II	60000000
Standup Biochemical Reactor I	1000000000
Standup Cap Battery I	200000000
Standup Cap Battery II	200000000
Standup Capacitor Power Relay I	200000000
Standup Capacitor Power Relay II	60000000
Standup Capital Shipyard I	4000000000
Standup Cenobite I	300000000
Standup Cenobite II	300000000
Standup Cloning Center I	1600000000
Standup Co-Processor Array I	60000000
Standup Co-Processor Array II	60000000
Standup Composite Reactor I	1000000000
Standup Cruise Missile	8000000
Standup Cyclops I	300000000
Standup Cyclops II	300000000
Standup Dragonfly I	200000000
Standup Dragonfly II	200000000
Standup Dromi I	300000000
Standup Dromi II	300000000
Standup ECM Jammer Burst Projector	500000000
Standup Einherji I	200000000
Standup Einherji II	200000000
Standup Energy Neutralization Burst Projector	500000000
Standup Equite I	200000000
Standup Equite II	200000000
Standup Firbolg I	200000000
Standup Firbolg II	200000000
Standup Flak Round	5000000
Standup Focused Warp Disruptor I	200000000
Standup Focused Warp Disruptor II	200000000
Standup Focused Warp Scrambling Script	50000000
Standup Gram I	200000000
Standup Gram II	200000000
Standup Gravimetric ECM Script	1300000
Standup Guided Bomb Launcher I	1000000000
Standup Guided Bomb Launcher II	1000000000
Standup Gungnir I	300000000
Standup Gungnir II	300000000
Standup Heavy Energy Neutralizer I	500000000
Standup Heavy Energy Neutralizer II	500000000
Standup Heavy Guided Bomb	20000000
Standup Heavy Missile	8000000
Standup Hyasyoda Research Lab	1000000000
Standup Hybrid Reactor I	1000000000
Standup Invention Lab I	1000000000
Standup L-Set Advanced Component Manufacturing Efficiency I	500000000
Standup L-Set Advanced Component Manufacturing Efficiency II	500000000
Standup L-Set Advanced Large Ship Manufacturing Efficiency I	500000000
Standup L-Set Advanced Large Ship Manufacturing Efficiency II	500000000
Standup L-Set Advanced Medium Ship Manufacturing Efficiency I	500000000
Standup L-Set Advanced Medium Ship Manufacturing Efficiency II	500000000
Standup L-Set Advanced Small Ship Manufacturing Efficiency I	500000000
Standup L-Set Advanced Small Ship Manufacturing Efficiency II	500000000
Standup L-Set Ammunition Manufacturing Efficiency I	500000000
Standup L-Set Ammunition Manufacturing Efficiency II	500000000
Standup L-Set Basic Capital Component Manufacturing Efficiency I	500000000
Standup L-Set Basic Capital Component Manufacturing Efficiency II	500000000
Standup L-Set Basic Large Ship Manufacturing Efficiency I	500000000
Standup L-Set Basic Large Ship Manufacturing Efficiency II	500000000
Standup L-Set Basic Medium Ship Manufacturing Efficiency I	500000000
Standup L-Set Basic Medium Ship Manufacturing Efficiency II	500000000
Standup L-Set Basic Small Ship Manufacturing Efficiency I	500000000
Standup L-Set Basic Small Ship Manufacturing Efficiency II	500000000
Standup L-Set Blueprint Copy Optimization I	500000000
Standup L-Set Blueprint Copy Optimization II	500000000
Standup L-Set Bomb Aimer I	500000000
Standup L-Set Bomb Aimer II	500000000
Standup L-Set Capital Ship Manufacturing Efficiency I	500000000
Standup L-Set Capital Ship Manufacturing Efficiency II	500000000
Standup L-Set Drone and Fighter Manufacturing Efficiency I	500000000
Standup L-Set Drone and Fighter Manufacturing Efficiency II	500000000
Standup L-Set Energy Neutralizer Feedback Control I	500000000
Standup L-Set Energy Neutralizer Feedback Control II	500000000
Standup L-Set Equipment Manufacturing Efficiency I	500000000
Standup L-Set Equipment Manufacturing Efficiency II	500000000
Standup L-Set EW Command System I	500000000
Standup L-Set EW Command System II	500000000
Standup L-Set Invention Optimization I	500000000
Standup L-Set Invention Optimization II	500000000
Standup L-Set ME Research Optimization I	500000000
Standup L-Set ME Research Optimization II	500000000
Standup L-Set Missile Flight Processor I	500000000
Standup L-Set Missile Flight Processor II	500000000
Standup L-Set Moon Drilling Proficiency I	500000000
Standup L-Set Moon Drilling Proficiency II	500000000
Standup L-Set Point Defense Battery Control I	500000000
Standup L-Set Point Defense Battery Control II	500000000
Standup L-Set Reactor Efficiency I	500000000
Standup L-Set Reactor Efficiency II	500000000
Standup L-Set Reprocessing Monitor I	500000000
Standup L-Set Reprocessing Monitor II	500000000
Standup L-Set Structure Manufacturing Efficiency I	500000000
Standup L-Set Structure Manufacturing Efficiency II	500000000
Standup L-Set Target Acquisition Array I	500000000
Standup L-Set Target Acquisition Array II	500000000
Standup L-Set TE Research Optimization I	500000000
Standup L-Set TE Research Optimization II	500000000
Standup L-Set Thukker Advanced Component Manufacturing Efficiency	500000000
Standup L-Set Thukker Basic Capital Component Manufacturing Efficiency	500000000
Standup Ladar ECM Script	1300000
Standup Layered Armor Plating I	200000000
Standup Layered Armor Plating II	60000000
Standup Light Guided Bomb	20000000
Standup Light Missile	8000000
Standup Locust I	200000000
Standup Locust II	200000000
Standup M-Set Advanced Component Manufacturing Material Efficiency I	100000000
Standup M-Set Advanced Component Manufacturing Material Efficiency II	100000000
Standup M-Set Advanced Component Manufacturing Time Efficiency I	100000000
Standup M-Set Advanced Component Manufacturing Time Efficiency II	100000000
Standup M-Set Advanced Large Ship Manufacturing Material Efficiency I	100000000
Standup M-Set Advanced Large Ship Manufacturing Material Efficiency II	100000000
Standup M-Set Advanced Large Ship Manufacturing Time Efficiency I	100000000
Standup M-Set Advanced Large Ship Manufacturing Time Efficiency II	100000000
Standup M-Set Advanced Medium Ship Manufacturing Material Efficiency I	100000000
Standup M-Set Advanced Medium Ship Manufacturing Material Efficiency II	100000000
Standup M-Set Advanced Medium Ship Manufacturing Time Efficiency I	100000000
Standup M-Set Advanced Medium Ship Manufacturing Time Efficiency II	100000000
Standup M-Set Advanced Small Ship Manufacturing Material Efficiency I	100000000
Standup M-Set Advanced Small Ship Manufacturing Material Efficiency II	100000000
Standup M-Set Advanced Small Ship Manufacturing Time Efficiency I	100000000
Standup M-Set Advanced Small Ship Manufacturing Time Efficiency II	100000000
Standup M-Set Ammunition Manufacturing Material Efficiency I	100000000
Standup M-Set Ammunition Manufacturing Material Efficiency II	100000000
Standup M-Set Ammunition Manufacturing Time Efficiency I	100000000
Standup M-Set Ammunition Manufacturing Time Efficiency II	100000000
Standup M-Set Asteroid Ore Grading Processor I	100000000
Standup M-Set Asteroid Ore Grading Processor II	100000000
Standup M-Set Basic Capital Component Manufacturing Material Efficiency I	100000000
Standup M-Set Basic Capital Component Manufacturing Material Efficiency II	100000000
Standup M-Set Basic Capital Component Manufacturing Time Efficiency I	100000000
Standup M-Set Basic Capital Component Manufacturing Time Efficiency II	100000000
Standup M-Set Basic Large Ship Manufacturing Material Efficiency I	100000000
Standup M-Set Basic Large Ship Manufacturing Material Efficiency II	100000000
Standup M-Set Basic Large Ship Manufacturing Time Efficiency I	100000000
Standup M-Set Basic Large Ship Manufacturing Time Efficiency II	100000000
Standup M-Set Basic Medium Ship Manufacturing Material Efficiency I	100000000
Standup M-Set Basic Medium Ship Manufacturing Material Efficiency II	100000000
Standup M-Set Basic Medium Ship Manufacturing Time Efficiency I	100000000
Standup M-Set Basic Medium Ship Manufacturing Time Efficiency II	100000000
Standup M-Set Basic Small Ship Manufacturing Material Efficiency I	100000000
Standup M-Set Basic Small Ship Manufacturing Material Efficiency II	100000000
Standup M-Set Basic Small Ship Manufacturing Time Efficiency I	100000000
Standup M-Set Basic Small Ship Manufacturing Time Efficiency II	100000000
Standup M-Set Biochemical Reactor Material Efficiency I	100000000
Standup M-Set Biochemical Reactor Material Efficiency II	100000000
Standup M-Set Biochemical Reactor Time Efficiency I	100000000
Standup M-Set Biochemical Reactor Time Efficiency II	100000000
Standup M-Set Blueprint Copy Accelerator I	100000000
Standup M-Set Blueprint Copy Accelerator II	100000000
Standup M-Set Blueprint Copy Cost Optimization I	100000000
Standup M-Set Blueprint Copy Cost Optimization II	100000000
Standup M-Set Composite Reactor Material Efficiency I	100000000
Standup M-Set Composite Reactor Material Efficiency II	100000000
Standup M-Set Composite Reactor Time Efficiency I	100000000
Standup M-Set Composite Reactor Time Efficiency II	100000000
Standup M-Set Drone and Fighter Manufacturing Material Efficiency I	100000000
Standup M-Set Drone and Fighter Manufacturing Material Efficiency II	100000000
Standup M-Set Drone and Fighter Manufacturing Time Efficiency I	100000000
Standup M-Set Drone and Fighter Manufacturing Time Efficiency II	100000000
Standup M-Set Electronic Warfare Economy I	100000000
Standup M-Set Electronic Warfare Economy II	100000000
Standup M-Set Electronic Warfare Projection I	100000000
Standup M-Set Electronic Warfare Projection II	100000000
Standup M-Set Energy Neutralizer Economy I	100000000
Standup M-Set Energy Neutralizer Economy II	100000000
Standup M-Set Energy Neutralizer Projection I	100000000
Standup M-Set Energy Neutralizer Projection II	100000000
Standup M-Set Enhanced Targeting System I	100000000
Standup M-Set Enhanced Targeting System II	100000000
Standup M-Set Equipment Manufacturing Material Efficiency I	100000000
Standup M-Set Equipment Manufacturing Material Efficiency II	100000000
Standup M-Set Equipment Manufacturing Time Efficiency I	100000000
Standup M-Set Equipment Manufacturing Time Efficiency II	100000000
Standup M-Set Hybrid Reactor Material Efficiency I	100000000
Standup M-Set Hybrid Reactor Material Efficiency II	100000000
Standup M-Set Hybrid Reactor Time Efficiency I	100000000
Standup M-Set Hybrid Reactor Time Efficiency II	100000000
Standup M-Set Ice Grading Processor I	100000000
Standup M-Set Ice Grading Processor II	100000000
Standup M-Set Invention Accelerator I	100000000
Standup M-Set Invention Accelerator II	100000000
Standup M-Set Invention Cost Optimization I	100000000
Standup M-Set Invention Cost Optimization II	100000000
Standup M-Set ME Research Accelerator I	100000000
Standup M-Set ME Research Accelerator II	100000000
Standup M-Set ME Research Cost Optimization I	100000000
Standup M-Set ME Research Cost Optimization II	100000000
Standup M-Set Missile Precision I	100000000
Standup M-Set Missile Precision II	100000000
Standup M-Set Missile Projection I	100000000
Standup M-Set Missile Projection II	100000000
Standup M-Set Moon Drilling Efficiency I	100000000
Standup M-Set Moon Drilling Efficiency II	100000000
Standup M-Set Moon Drilling Stability I	100000000
Standup M-Set Moon Drilling Stability II	100000000
Standup M-Set Moon Ore Grading Processor I	100000000
Standup M-Set Moon Ore Grading Processor II	100000000
Standup M-Set Structure Manufacturing Material Efficiency I	100000000
Standup M-Set Structure Manufacturing Material Efficiency II	100000000
Standup M-Set Structure Manufacturing Time Efficiency I	100000000
Standup M-Set Structure Manufacturing Time Efficiency II	100000000
Standup M-Set Structure Target Multiplexing I	100000000
Standup M-Set Structure Target Multiplexing II	100000000
Standup M-Set TE Research Accelerator I	100000000
Standup M-Set TE Research Accelerator II	100000000
Standup M-Set TE Research Cost Optimization I	100000000
Standup M-Set TE Research Cost Optimization II	100000000
Standup M-Set Thukker Advanced Component Manufacturing Material Efficiency	100000000
Standup M-Set Thukker Basic Capital Component Manufacturing Material Efficiency	100000000
Standup Magnetometric ECM Script	1300000
Standup Malleus I	300000000
Standup Malleus II	300000000
Standup Mantis I	300000000
Standup Mantis II	300000000
Standup Manufacturing Plant I	1000000000
Standup Market Hub I	7000000000
Standup Missile Guidance Enhancer I	60000000
Standup Missile Guidance Enhancer II	60000000
Standup Moon Drill I	1600000000
Standup Multirole Missile Launcher I	300000000
Standup Multirole Missile Launcher II	300000000
Standup Point Defense Battery I	1000000000
Standup Point Defense Battery II	1000000000
Standup Radar ECM Script	1300000
Standup Reactor Control Unit I	60000000
Standup Reactor Control Unit II	60000000
Standup Remote Sensor Dampener I	200000000
Standup Remote Sensor Dampener II	200000000
Standup Reprocessing Facility I	160000000
Standup Research Lab I	1000000000
Standup Satyr I	200000000
Standup Satyr II	200000000
Standup Scarab I	300000000
Standup Scarab II	300000000
Standup Sensor Dampening Burst Projector	500000000
Standup Shadow	300000000
Standup Signal Amplifier I	60000000
Standup Signal Amplifier II	60000000
Standup Siren I	300000000
Standup Siren II	300000000
Standup Stasis Webification Burst Projector	500000000
Standup Stasis Webifier I	200000000
Standup Stasis Webifier II	200000000
Standup Super-heavy Torpedo	10000000
Standup Supercapital Shipyard I	9000000000
Standup Target Illumination Burst Projector	500000000
Standup Target Painter I	200000000
Standup Target Painter II	200000000
Standup Templar I	200000000
Standup Templar II	200000000
Standup Termite I	300000000
Standup Termite II	300000000
Standup Tyrfing I	300000000
Standup Tyrfing II	300000000
Standup Variable Spectrum ECM I	200000000
Standup Variable Spectrum ECM II	200000000
Standup Warp Disruption Burst Projector	500000000
Standup Weapon Disruption Burst Projector	500000000
Standup Weapon Disruptor I	200000000
Standup Weapon Disruptor II	200000000
Standup XL Cruise Missile	10000000
Standup XL Energy Neutralizer I	500000000
Standup XL Energy Neutralizer II	500000000
Standup XL-Set Equipment and Consumable Manufacturing Efficiency I	2500000000
Standup XL-Set Equipment and Consumable Manufacturing Efficiency II	2500000000
Standup XL-Set EW and Emissions Co-ordinator I	2500000000
Standup XL-Set EW and Emissions Co-ordinator II	2500000000
Standup XL-Set Extinction Level Weapons Suite I	2500000000
Standup XL-Set Extinction Level Weapons Suite II	2500000000
Standup XL-Set Laboratory Optimization I	2500000000
Standup XL-Set Laboratory Optimization II	2500000000
Standup XL-Set Missile Fire Control Computer I	2500000000
Standup XL-Set Missile Fire Control Computer II	2500000000
Standup XL-Set Reprocessing Monitor I	500000000
Standup XL-Set Reprocessing Monitor II	500000000
Standup XL-Set Ship Manufacturing Efficiency I	2500000000
Standup XL-Set Ship Manufacturing Efficiency II	2500000000
Standup XL-Set Structure and Component Manufacturing Efficiency I	2500000000
Standup XL-Set Structure and Component Manufacturing Efficiency II	2500000000
Standup XL-Set Thukker Structure and Component Manufacturing Efficiency	2500000000
Stasis Webification Burst Projector	51000000
Stasis Webification Probe	2344200
Stasis Webifier I	224880
Stasis Webifier II	9999999
Stellar Transmuter Datacore	282640
Stiletto	50000000000
Stork	4000000
Stress-Responding Neurolink Stabilizer	10000000
StrikeSnipe Ultra L	10000000000
StrikeSnipe Ultra M	10000000000
StrikeSnipe Ultra S	10000000000
Strip Miner I	16130080
Strong Blue Pill Booster	10000000
Strong Crash Booster	10000000
Strong Drop Booster	10000000
Strong Exile Booster	10000000
Strong Frentix Booster	10000000
Strong Mindflood Booster	10000000
Strong Sooth Sayer Booster	10000000
Strong X-Instinct Booster	10000000
Subsystem Assembly Array	50000000
Sulfuric Acid	10000000
Supercapital Construction Facilities	430000000
Supercapital Ship Assembly Array	500000000
Supratidal Compact Entropic Disintegrator	9000000
Supratidal Entropic Disintegrator I	9000000
Supratidal Entropic Disintegrator II	10000000000
Supratidal Scoped Entropic Disintegrator	9000000
Survey Probe Launcher I	60000
Survey Probe Launcher II	60000
Survey Scanner I	20000
Survey Scanner II	9999999
Svipul	40000000
Sylramic Fibers	20000000
Synth Blue Pill Booster	10000000
Synth Crash Booster	10000000
Synth Drop Booster	10000000
Synth Exile Booster	10000000
Synth Frentix Booster	10000000
Synth Mindflood Booster	10000000
Synth Sooth Sayer Booster	10000000
Synth X-Instinct Booster	10000000
Tachyon Beam Laser I	15000000
Tachyon Beam Laser II	10000000000
Tactical Capsuleer Recloner	550328800
Tahron's Custom Heat Sink	249600
Talos	650000000
Talwar	7837500
Taranis	50000000000
Target Illumination Burst Projector	51000000
Target Painter I	298240
Target Painter II	10000000000
Targeting Range Dampening Script	1500000
Targeting Range Script	1500000
TE-2100 Ample Rapid Torpedo Launcher	9740000
TE-2100 Ample XL Cruise Missile Launcher	108700000
TE-2100 Ample XL Torpedo Launcher	108740000
Tempest	1055000000
Templar I	200473400
Templar II	200473400
Terahertz Metamaterials	20000000
Termite I	300000000
Termite II	300000000
Tetryon Exotic Plasma L	1000000
Tetryon Exotic Plasma M	400000
Tetryon Exotic Plasma S	100000
Tetryon Exotic Plasma XL	1000000
Thanatos	1250000000
Thermal Armor Hardener I	2500000
Thermal Armor Hardener II	10000000000
Thermal Coating I	49740
Thermal Coating II	10000000000
Thermal Energized Membrane I	750000
Thermal Energized Membrane II	10000000000
Thermal Shield Amplifier I	187420
Thermal Shield Amplifier II	10000000000
Thermal Shield Hardener I	750000
Thermal Shield Hardener II	10000000000
Thorium Charge L	600000
Thorium Charge M	225000
Thorium Charge S	60000
Thorium Charge XL	6000000
Thrasher	7500000
Thukker Component Assembly Array	50000000
Thulium Hafnite	10000000
Titanium Carbide	20000000
Titanium Chromide	10000000
Titanium Sabot L	600000
Titanium Sabot M	235000
Titanium Sabot XL	6000000
Torelle's Custom Magnetic Field Stabilizer	249940
Tornado	592000000
Torpedo Launcher I	999960
Torpedo Launcher II	10000000000
Torrent	50000000000
Tracking Computer I	99000
Tracking Computer II	10000000000
Tracking Disruptor I	298240
Tracking Disruptor II	10000000000
Tracking Enhancer I	144000
Tracking Enhancer II	10000000000
Tracking Speed Disruption Script	1500000
Tracking Speed Script	1500000
Transport Relay Datacore	282640
Tremor L	10000000000
Tremor M	10000000000
Tremor S	10000000000
Tremor XL	2000000
Triage Module I	522349680
Triage Module II	522349680
Triple Neutron Blaster Cannon I	38400000
Triple Neutron Blaster Cannon II	36286548
Triplot Scan Acquisition Array	600000
Tristan	2825000
Tritanium Prospecting Array 1	350000000
Tritanium Prospecting Array 2	575000000
Tritanium Prospecting Array 3	1000000000
True Sansha Capital Energy Neutralizer	80000000
True Sansha Capital Energy Nosferatu	80000000
True Sansha Dual Giga Beam Laser	48404274
True Sansha Dual Giga Pulse Laser	43006260
True Sansha Quad Mega Pulse Laser	43006260
Tungsten Carbide	20000000
Tungsten Charge L	300000
Tungsten Charge M	110000
Tungsten Charge S	30000
Tungsten Charge XL	3000000
Typhoon	975000000
Typhoon Fleet Issue	750000000
Tyrfing I	300000000
Tyrfing II	300000000
Ubiquitous Moon Mining Crystal Type A I	6408000
Ubiquitous Moon Mining Crystal Type A II	10000000000
Ubiquitous Moon Mining Crystal Type B I	8010000
Ubiquitous Moon Mining Crystal Type B II	12500000000
Ubiquitous Moon Mining Crystal Type C I	9612000
Ubiquitous Moon Mining Crystal Type C II	15000000000
Ultradian-Cycling Neurolink Stabilizer	10000000
Ultratidal Entropic Disintegrator I	43006260
Ultraviolet L	1500000
Ultraviolet M	150000
Ultraviolet S	15000
Ultraviolet XL	15000000
Uncommon Moon Mining Crystal Type A I	7214400
Uncommon Moon Mining Crystal Type A II	10000000000
Uncommon Moon Mining Crystal Type B I	9018000
Uncommon Moon Mining Crystal Type B II	12500000000
Uncommon Moon Mining Crystal Type C I	10821600
Uncommon Moon Mining Crystal Type C II	15000000000
Unrefined Caesarium Cadmide	10000000
Unrefined Crystallite Alloy	10000000
Unrefined Dysporite	10000000
Unrefined Fernite Alloy	10000000
Unrefined Ferrofluid	10000000
Unrefined Fluxed Condensates	10000000
Unrefined Hexite	10000000
Unrefined Hyperflurite	10000000
Unrefined Neo Mercurite	10000000
Unrefined Platinum Technite	10000000
Unrefined Promethium Mercurite	10000000
Unrefined Prometium	10000000
Unrefined Rolled Tungsten Alloy	10000000
Unrefined Solerium	10000000
Unrefined Thulium Hafnite	10000000
Unrefined Titanium Chromide	10000000
Unrefined Vanadium Hafnite	10000000
Uranium Charge L	700000
Uranium Charge M	275000
Uranium Charge XL	7000000
Vadari's Custom Gyrostabilizer	243200
Vagabond	50000000000
Valkyrie II	20000000000
Valkyrie SW-600	1500000
Valkyrie TP-600	1500000
Vanadium Hafnite	10000000
Vargur	1450000000
Variegated Asteroid Mining Crystal Type A II	10000000000
Variegated Asteroid Mining Crystal Type B II	12500000000
Variegated Asteroid Mining Crystal Type C II	15000000000
Veles Entropic Radiation Sink	249600
Veles Heavy Entropic Disintegrator	1200000
Veles Light Entropic Disintegrator	120000
Veles Supratidal Entropic Disintegrator	9000000
Vengeance	50000000000
Vespa EC-600	1600000
Vespa II	20000000000
Viator	50000000000
Vigil	2300000
Void L	10000000000
Void M	10000000000
Void S	10000000000
Void XL	10000000
Vulture	50000000000
Warden I	14000000
Warden II	14000000
Warp Disrupt Probe	2344200
Warp Disruption Burst Projector	51000000
Warp Disruption Field Generator I	50000000
Warp Disruption Field Generator II	50000000
Warp Disruptor I	394240
Warp Disruptor II	9999999
Warp Scrambler I	394240
Warp Scrambler II	9999999
Warrior II	20000000000
Warrior SW-300	400000
Warrior TP-300	400000
Wasp EC-900	5000000
Wasp II	20000000000
Weapon Disruption Burst Projector	51000000
Whiptail	287500
Wolf	50000000000
Workforce Mecha-Tooling 1	600000000
Workforce Mecha-Tooling 2	1000000000
Workforce Mecha-Tooling 3	1200000000
Wreathe	3225000
X-Large Ancillary Shield Booster	1458560
X-Large Shield Booster I	5854720
X-Large Shield Booster II	10000000000
X-Large Ship Maintenance Array	500000000
Xarasier Capital Ancillary Armor Repairer	15000000
Xarasier Capital Ancillary Shield Booster	97000000
Xarasier Large Ancillary Armor Repairer	200000
Xarasier Large Ancillary Shield Booster	1458560
Xarasier Medium Ancillary Armor Repairer	200000
Xarasier Medium Ancillary Shield Booster	1458560
Xarasier Small Ancillary Armor Repairer	200000
Xarasier Small Ancillary Shield Booster	1458560
Xarasier X-Large Ancillary Shield Booster	1458560
XL Cruise Missile Launcher I	54371388
XL Cruise Missile Launcher II	54371388
XL Torpedo Launcher I	54371388
XL Torpedo Launcher II	54371388
Xray L	2500000
Xray M	250000
Xray S	25000
Xray XL	25000000
Zarmazd	50000000000
Zealot	50000000000
Zeugma Integrated Analyzer	332640
Zirnitra	2000000000
Zohar's Modified Signature Radius Suppressor	296960
Zorya's Entropic Radiation Sink	249600
Zorya's Heavy Entropic Disintegrator	1200000
Zorya's Light Entropic Disintegrator	120000
Zorya's Supratidal Entropic Disintegrator	9000000
Zydrine Prospecting Array 1	350000000
Zydrine Prospecting Array 2	575000000
Zydrine Prospecting Array 3	1000000000
